Year,Name,Races Started,Pts
1950,Juan Manuel Fangio,6,27
1950,Luigi Fagioli,6,28
1950,Nino Farina,6,30
1950,Reg Parnell,2,4
1950,Consalvo Sanesi,1,0
1950,Piero Taruffi,1,0
1950,Pat Flaherty,1,0
1950,Toni Branca,2,0
1950,Eugene Martin,2,0
1950,Louis Rosier,6,13
1950,Philippe Etancelin,6,3
1950,Yves Giraud-Cabantous,4,3
1950,Raymond Sommer,5,3
1950,Myron Fohr,1,0
1950,Bill Holland,1,6
1950,Tony Bettenhausen,1,1
1950,George Connor,1,0
1950,Lee Wallard,1,0
1950,Bob Gerard,2,0
1950,Charles Pozzi,1,0
1950,Dick Rathmann,1,0
1950,Clemente Biondetti,1,0
1950,Jimmy Jackson,1,0
1950,Cuth Harrison,3,0
1950,Johnny Claes,6,0
1950,Harry Schell,2,0
1950,Eugene Chaboud,2,1
1950,Henri Louveau,1,0
1950,Birabongse Bhanudej,4,5
1950,Emmanuel de Graffenried,4,0
1950,Maurice Trintignant,2,0
1950,Robert Manzon,3,3
1950,Joie Chitwood,1,1
1950,Bill Schindler,1,0
1950,Spider Webb,1,0
1950,Geoffrey Crossley,2,0
1950,Troy Ruttman,1,0
1950,Mack Hellings,1,0
1950,Walt Brown,1,0
1950,Guy Mairesse,1,0
1950,Mauri Rose,1,4
1950,Fred Agabashian,1,0
1950,Henry Banks,1,0
1950,Jack McGrath,1,0
1950,Walt Faulkner,1,0
1950,Brian Shawe-Taylor,1,0
1950,Joe Fry,1,0
1950,Joe Kelly,1,0
1950,Johnnie Parsons,1,9
1950,Jerry Hoyt,1,0
1950,Johnny McDowell,1,0
1950,Cecil Green,1,3
1950,Sam Hanks,1,0
1950,Duane Carter,1,0
1950,Jackie Holmes,1,0
1950,Louis Chiron,5,4
1950,Franco Rol,3,0
1950,Jimmy Davies,1,0
1950,Paul Pietsch,1,0
1950,Paul Russo,1,0
1950,Peter Walker,1,0
1950,Tony Rolt,1,0
1950,Peter Whitehead,2,4
1950,Pierre Levegh,3,0
1950,Jim Rathmann,1,0
1950,Bayliss Levrett,1,0
1950,Bill Cantrell,1,0
1950,Walt Ader,1,0
1950,Alfredo Pian,0,0
1950,Jose Froilan Gonzalez,2,0
1950,Nello Pagani,1,0
1950,David Hampshire,2,0
1950,David Murray,2,0
1950,Alberto Ascari,4,11
1950,Luigi Villoresi,3,0
1950,Dorino Serafini,1,3
1950,Felice Bonetto,2,2
1950,Franco Comotti,1,0
1950,Leslie Johnson,1,0
1950,Gene Hartley,1,0
1950,Duke Dinsmore,1,0
1951,Consalvo Sanesi,4,3
1951,Emmanuel de Graffenried,5,2
1951,Juan Manuel Fangio,7,37
1951,Nino Farina,7,22
1951,Luigi Fagioli,1,4
1951,Felice Bonetto,4,7
1951,Paul Pietsch,1,0
1951,Fred Agabashian,1,0
1951,Toni Branca,1,0
1951,Chuck Stevenson,1,0
1951,Bobby Ball,1,2
1951,George Connor,1,0
1951,Henry Banks,1,0
1951,Joe James,1,0
1951,Bob Gerard,1,0
1951,Brian Shawe-Taylor,1,0
1951,Peter Walker,1,0
1951,Reg Parnell,2,5
1951,Hans Stuck,0,0
1951,Ken Richardson,0,0
1951,Bill Vukovich,1,0
1951,Walt Brown,1,0
1951,Rodger Ward,1,0
1951,Duncan Hamilton,2,0
1951,Johnny Claes,7,0
1951,Andre Pilette,1,0
1951,Jacques Swaters,2,0
1951,Rudi Fischer,2,0
1951,Henri Louveau,1,0
1951,Louis Rosier,7,3
1951,Louis Chiron,7,0
1951,Johnnie Parsons,1,0
1951,Harry Schell,2,0
1951,Aldo Gordini,1,0
1951,Andre Simon,4,0
1951,Maurice Trintignant,4,0
1951,Robert Manzon,4,0
1951,Carl Forberg,1,0
1951,Eugene Chaboud,1,0
1951,Chico Landi,1,0
1951,Peter Whitehead,4,0
1951,Andy Linden,1,3
1951,Georges Grignard,1,0
1951,Walt Faulkner,1,0
1951,Bill Schindler,1,0
1951,Mauri Rose,1,0
1951,George Abecassis,1,0
1951,Stirling Moss,1,0
1951,Jack McGrath,1,2
1951,Manny Ayulo,1,2
1951,Troy Ruttman,1,0
1951,Mike Nazaruk,1,6
1951,Joe Kelly,1,0
1951,John James,1,0
1951,Jose Froilan Gonzalez,6,27
1951,Bill Mackey,1,0
1951,Carl Scarborough,1,0
1951,Chet Miller,1,0
1951,Duke Nalon,1,0
1951,Cliff Griffith,1,0
1951,Cecil Green,1,0
1951,Lee Wallard,1,9
1951,Franco Rol,1,0
1951,Jimmy Davies,1,0
1951,Peter Hirt,1,0
1951,Sam Hanks,1,0
1951,Philip Fotheringham-Parker,1,0
1951,Philippe Etancelin,5,0
1951,Pierre Levegh,3,0
1951,Birabongse Bhanudej,1,0
1951,David Murray,1,0
1951,Alberto Ascari,7,28
1951,Luigi Villoresi,7,18
1951,Piero Taruffi,5,10
1951,Onofre Marimon,1,0
1951,Juan Jover,0,0
1951,Paco Godia,1,0
1951,Mack Hellings,1,0
1951,Gene Force,1,0
1951,Duke Dinsmore,1,0
1951,Johnny McDowell,1,0
1951,Duane Carter,1,0
1951,Tony Bettenhausen,1,0
1951,Guy Mairesse,2,0
1951,Yves Giraud-Cabantous,6,2
1952,Adolf Brudes,1,0
1952,Hans Stuck,1,0
1952,Mike Hawthorn,5,10
1952,Reg Parnell,1,0
1952,Max de Terra,1,0
1952,Spider Webb,1,0
1952,Jim Rathmann,1,6
1952,Arthur Legat,1,0
1952,Duane Carter,1,3
1952,Karl-Gunther Bechem,1,0
1952,Chuck Stevenson,1,0
1952,Tony Bettenhausen,1,0
1952,Henry Banks,1,0
1952,Jim Rigsby,1,0
1952,Eddie Johnson,1,0
1952,Manny Ayulo,1,0
1952,Eric Thompson,1,2
1952,Dennis Poore,2,3
1952,Ken Downing,2,0
1952,Kenneth McAlpine,2,0
1952,Stirling Moss,5,0
1952,Fred Agabashian,1,0
1952,Johnny Claes,4,0
1952,Paul Frere,3,2
1952,David Murray,1,0
1952,Peter Hirt,3,0
1952,Rudi Fischer,5,10
1952,Rudolf Schoeller,1,0
1952,Charles de Tornaco,2,0
1952,Roger Laurent,2,0
1952,Alan Brown,4,2
1952,Eric Brandon,4,0
1952,Louis Rosier,4,0
1952,Maurice Trintignant,5,2
1952,Joe James,1,0
1952,Sam Hanks,1,4
1952,Elie Bayol,1,0
1952,Emmanuel de Graffenried,3,0
1952,Harry Schell,3,0
1952,Alberto Crespo,0,0
1952,Birabongse Bhanudej,4,0
1952,Jean Behra,6,6
1952,Robert Manzon,7,9
1952,Ernst Klodwig,1,0
1952,Philippe Etancelin,1,0
1952,Eitel Cantoni,3,0
1952,Gino Bianco,4,0
1952,Chico Landi,2,0
1952,Jan Flinterman,1,0
1952,George Connor,1,0
1952,Rodger Ward,1,0
1952,Fritz Riess,1,0
1952,Roy Salvadori,1,0
1952,George Fonder,1,0
1952,Bill Schindler,1,0
1952,Hans Klenk,1,0
1952,Andy Linden,1,0
1952,Helmut Niedermayr,1,0
1952,Bill Vukovich,1,1
1952,George Abecassis,1,0
1952,Lance Macklin,5,0
1952,Peter Collins,4,0
1952,Yves Giraud-Cabantous,1,0
1952,Duncan Hamilton,2,0
1952,Dries van der Lof,1,0
1952,Jack McGrath,1,0
1952,Troy Ruttman,1,8
1952,Johnnie Parsons,1,0
1952,Josef Peters,1,0
1952,Bob Sweikert,1,0
1952,Chet Miller,1,0
1952,Duke Nalon,1,0
1952,Bob Scott,1,0
1952,Ludwig Fischer,0,0
1952,Jimmy Reece,1,0
1952,Marcel Balsa,1,0
1952,Gene Hartley,1,0
1952,Paul Pietsch,1,0
1952,Felice Bonetto,2,2
1952,Franco Rol,1,0
1952,Jose Froilan Gonzalez,1,6.5
1952,Jimmy Bryan,1,0
1952,Graham Whitehead,1,0
1952,Peter Whitehead,2,0
1952,Piero Dusio,0,0
1952,Art Cross,1,2
1952,Robert O'Brien,1,0
1952,Robin Montgomerie-Charrington,1,0
1952,Johnny McDowell,1,0
1952,Rudolf Krause,1,0
1952,Andre Simon,2,0
1952,Nino Farina,7,27
1952,Piero Taruffi,6,22
1952,Alberto Ascari,7,53.5
1952,Luigi Villoresi,2,8
1952,Ken Wharton,4,3
1952,Franco Comotti,1,0
1952,Piero Carini,2,0
1952,Theo Helfrich,1,0
1952,Cliff Griffith,1,0
1952,Toni Ulmen,2,0
1952,Tony Crook,1,0
1952,Tony Gaze,3,0
1952,Willi Heeks,1,0
1952,Willi Krakau,0,0
1952,Harry Merkel,0,0
1952,Bobby Ball,1,0
1952,Bill Aston,1,0
1953,Spider Webb,1,0
1953,Bob Sweikert,1,0
1953,Arthur Legat,1,0
1953,Peter Whitehead,1,0
1953,Art Cross,1,6
1953,Don Freeland,1,0
1953,Bob Gerard,2,0
1953,Jimmy Daywalt,1,0
1953,Kenneth McAlpine,4,0
1953,Roy Salvadori,5,0
1953,Stirling Moss,4,0
1953,Birabongse Bhanudej,4,0
1953,Jack Fairman,2,0
1953,Adolfo Schwelm Cruz,1,0
1953,Alan Brown,4,0
1953,John Barber,1,0
1953,Rudolf Krause,1,0
1953,Johnny Thomson,1,0
1953,Johnny Claes,5,0
1953,Andre Pilette,1,0
1953,Ian Stewart,1,0
1953,Jimmy Stewart,1,0
1953,Kurt Adolff,1,0
1953,Max de Terra,1,0
1953,Peter Hirt,1,0
1953,Charles de Tornaco,0,0
1953,Jacques Swaters,2,0
1953,Louis Rosier,7,0
1953,Duane Carter,1,2
1953,Sam Hanks,1,2
1953,Elie Bayol,2,0
1953,Emmanuel de Graffenried,7,7
1953,Helm Glockler,0,0
1953,Carlos Menditeguy,1,0
1953,Harry Schell,7,0
1953,Jean Behra,6,0
1953,Maurice Trintignant,8,4
1953,Robert Manzon,1,0
1953,Fred Wacker,1,0
1953,Roberto Mieres,3,0
1953,Pablo Birger,1,0
1953,Jim Rathmann,1,0
1953,Ernst Klodwig,1,0
1953,Ernst Loof,1,0
1953,Erwin Bauer,1,0
1953,Chico Landi,2,0
1953,Johnny Mantz,1,0
1953,Walt Faulkner,1,0
1953,Gene Hartley,1,0
1953,Paul Russo,1,1.5
1953,Jackie Holmes,1,0
1953,Georges Berger,1,0
1953,Fred Agabashian,1,1.5
1953,Karl-Gunther Bechem,1,0
1953,Ernie McCoy,1,0
1953,Hans Herrmann,1,0
1953,Hans Stuck,2,0
1953,Marshall Teague,1,0
1953,Theo Fitzau,1,0
1953,Bill Vukovich,1,9
1953,Lance Macklin,6,0
1953,Peter Collins,4,0
1953,Paul Frere,2,0
1953,Yves Giraud-Cabantous,2,0
1953,Duncan Hamilton,1,0
1953,Albert Scherrer,1,0
1953,John Fitch,1,0
1953,Jack McGrath,1,2
1953,Chuck Stevenson,1,0
1953,Tony Bettenhausen,1,0
1953,Jimmy Bryan,1,0
1953,Andy Linden,1,0
1953,Jerry Hoyt,1,0
1953,Bob Scott,1,0
1953,Johnnie Parsons,1,0
1953,Ken Wharton,5,0
1953,Carl Scarborough,1,0
1953,Mike Nazaruk,1,0
1953,Duke Nalon,1,0
1953,Louis Chiron,2,0
1953,Duke Dinsmore,1,0
1953,Rodger Ward,1,0
1953,Cal Niday,1,0
1953,Felice Bonetto,7,6.5
1953,Jose Froilan Gonzalez,5,14.5
1953,Juan Manuel Fangio,8,29.5
1953,Oscar Alfredo Galvez,1,2
1953,Onofre Marimon,6,4
1953,Hermann Lang,1,2
1953,Luigi Musso,1,0
1953,Sergio Mantovani,1,0
1953,Oswald Karch,1,0
1953,Bill Holland,1,0
1953,Jimmy Davies,1,0
1953,Pat Flaherty,1,0
1953,Manny Ayulo,1,0
1953,Edgar Barth,1,0
1953,Rodney Nuckey,1,0
1953,Tony Rolt,1,0
1953,Alberto Ascari,8,46.5
1953,Luigi Villoresi,8,17
1953,Mike Hawthorn,8,27
1953,Nino Farina,8,32
1953,Piero Carini,1,0
1953,Umberto Maglioli,1,0
1953,Theo Helfrich,1,0
1953,Tony Crook,1,0
1953,Willi Heeks,1,0
1953,Eddie Johnson,1,0
1953,Wolfgang Seidel,1,0
1954,Danny Kladis,1,0
1954,Spider Webb,1,0
1954,Jim Rathmann,1,0
1954,Art Cross,1,0
1954,Bill Whitehouse,1,0
1954,Don Freeland,1,0
1954,Bob Gerard,1,0
1954,Bill Homeier,1,0
1954,Jerry Hoyt,1,0
1954,Jimmy Daywalt,1,0
1954,Hans Herrmann,5,8
1954,Juan Manuel Fangio,8,57.14
1954,Karl Kling,6,12
1954,Hermann Lang,1,0
1954,Jimmy Bryan,1,6
1954,Eddie Johnson,1,0
1954,Rodger Ward,1,0
1954,Leslie Thorne,1,0
1954,Jacques Swaters,3,0
1954,Eric Brandon,1,0
1954,Rodney Nuckey,0,0
1954,Louis Rosier,6,0
1954,Maurice Trintignant,8,17
1954,Robert Manzon,5,4
1954,George Fonder,1,0
1954,Andy Linden,1,0
1954,Jimmy Davies,1,0
1954,Johnnie Parsons,1,0
1954,Pat Flaherty,1,0
1954,Sam Hanks,1,0
1954,Emmanuel de Graffenried,2,0
1954,Ottorino Volonterio,1,0
1954,Jimmy Reece,1,0
1954,Elie Bayol,1,2
1954,Jean Behra,8,0.14
1954,Roger Loyer,1,0
1954,Andre Pilette,3,2
1954,Paul Frere,3,0
1954,Jacques Pollet,2,0
1954,Clemar Bucci,4,0
1954,Fred Wacker,2,0
1954,Stirling Moss,6,4.14
1954,Duane Carter,1,1.5
1954,Jimmy Jackson,1,0
1954,Marshall Teague,1,0
1954,Tony Bettenhausen,1,0
1954,Troy Ruttman,1,1.5
1954,Larry Crockett,1,0
1954,Paul Russo,1,0
1954,Bob Sweikert,1,0
1954,Georges Berger,1,0
1954,Roy Salvadori,2,0
1954,Giovanni de Riu,0,0
1954,Horace Gould,1,0
1954,Johnny Thomson,1,0
1954,Bob Scott,1,0
1954,Ed Elisian,1,0
1954,Theo Helfrich,1,0
1954,Harry Schell,6,0
1954,Bill Vukovich,1,8
1954,Lance Macklin,1,0
1954,Jack McGrath,1,5
1954,Chuck Stevenson,1,0
1954,Walt Faulkner,1,0
1954,Cal Niday,1,0
1954,Gene Hartley,1,0
1954,Jorge Daponte,2,0
1954,Mike Nazaruk,1,2
1954,Leslie Marr,1,0
1954,Pat O'Connor,1,0
1954,Fred Agabashian,1,0
1954,Luigi Musso,2,6
1954,Onofre Marimon,4,4.14
1954,Birabongse Bhanudej,6,3
1954,Sergio Mantovani,5,4
1954,Alberto Ascari,4,1.14
1954,Luigi Villoresi,4,2
1954,Roberto Mieres,8,6
1954,Paco Godia,1,0
1954,Carlos Menditeguy,0,0
1954,Ken Wharton,4,0
1954,Manny Ayulo,1,0
1954,Peter Whitehead,1,0
1954,Ron Flockhart,1,0
1954,Ernie McCoy,1,0
1954,Len Duncan,1,0
1954,Alan Brown,0,0
1954,John Riseley-Prichard,1,0
1954,Reg Parnell,1,0
1954,Jose Froilan Gonzalez,7,26.64
1954,Mike Hawthorn,8,24.64
1954,Nino Farina,2,6
1954,Umberto Maglioli,3,2
1954,Piero Taruffi,1,0
1954,Don Beauman,1,0
1954,Peter Collins,2,0
1954,Frank Armi,1,0
1955,Jimmy Bryan,1,0
1955,Alberto Uria,1,0
1955,Don Freeland,1,0
1955,Johnnie Parsons,1,0
1955,Sam Hanks,1,0
1955,Jimmy Daywalt,1,0
1955,Johnny Boyd,1,0
1955,Jack Fairman,0,0
1955,Kenneth McAlpine,1,0
1955,Jack Brabham,1,0
1955,Hans Herrmann,1,1
1955,Juan Manuel Fangio,6,41
1955,Karl Kling,5,5
1955,Stirling Moss,6,23
1955,Andre Simon,2,0
1955,Piero Taruffi,3,9
1955,Eddie Russo,1,0
1955,Louis Rosier,3,0
1955,Jimmy Reece,1,0
1955,Ted Whiteaway,0,0
1955,Elie Bayol,2,0
1955,Jesus Iglesias,1,0
1955,Pablo Birger,1,0
1955,Jacques Pollet,3,0
1955,Robert Manzon,3,0
1955,Hermano da Silva Ramos,3,0
1955,Mike Sparken,1,0
1955,Jean Lucas,1,0
1955,Johnny Claes,1,0
1955,Rodger Ward,1,0
1955,Chuck Weyant,1,0
1955,Fred Agabashian,1,0
1955,Roy Salvadori,1,0
1955,Horace Gould,3,0
1955,Paul Russo,1,3
1955,Tony Bettenhausen,1,3
1955,Pat Flaherty,1,0
1955,Jack McGrath,1,0
1955,Duane Carter,1,0
1955,Jerry Hoyt,1,0
1955,Keith Andrews,1,0
1955,Bob Sweikert,1,8
1955,Andy Linden,1,0
1955,Eddie Johnson,1,0
1955,Leslie Marr,1,0
1955,Bill Vukovich,1,1
1955,Ed Elisian,1,0
1955,Bill Homeier,1,1
1955,Walt Faulkner,1,1
1955,Art Cross,1,0
1955,Carlos Menditeguy,2,2
1955,Clemar Bucci,1,0
1955,Harry Schell,4,0
1955,Jean Behra,6,6
1955,Luigi Musso,6,6
1955,Roberto Mieres,6,7
1955,Sergio Mantovani,1,0
1955,Cesare Perdisa,2,2
1955,Peter Collins,2,0
1955,Jimmy Davies,1,4
1955,Shorty Templeman,1,0
1955,Johnny Thomson,1,3
1955,Cal Niday,1,0
1955,Ray Crawford,1,0
1955,Pat O'Connor,1,0
1955,Peter Walker,2,0
1955,Tony Rolt,1,0
1955,Al Keller,1,0
1955,Jose Froilan Gonzalez,1,2
1955,Maurice Trintignant,6,11.33
1955,Nino Farina,3,10.33
1955,Umberto Maglioli,2,1.33
1955,Paul Frere,2,3
1955,Eugenio Castellotti,6,12
1955,Mike Hawthorn,5,0
1955,Alberto Ascari,2,0
1955,Luigi Villoresi,2,2
1955,Louis Chiron,1,0
1955,Luigi Piotti,0,0
1955,Jim Rathmann,1,0
1955,Lance Macklin,1,0
1955,John Fitch,1,0
1955,Al Herman,1,0
1955,Ken Wharton,2,0
1956,Alberto Uria,1,0
1956,Oscar Gonzalez,1,0
1956,Andre Simon,2,0
1956,Pat O'Connor,1,0
1956,Maurice Trintignant,5,0
1956,Don Freeland,1,4
1956,Bob Gerard,1,0
1956,Bruce Halford,3,0
1956,Johnnie Tolan,1,0
1956,Sam Hanks,1,6
1956,Jimmy Daywalt,1,0
1956,Desmond Titterington,1,0
1956,Archie Scott Brown,1,0
1956,Jack Fairman,2,5
1956,Les Leston,1,0
1956,Ron Flockhart,2,4
1956,Jimmy Bryan,1,0
1956,Keith Andrews,1,0
1956,Louis Rosier,5,2
1956,Rodger Ward,1,0
1956,Paul Emery,1,0
1956,Andre Pilette,3,0
1956,Elie Bayol,1,0
1956,Hermano da Silva Ramos,4,2
1956,Robert Manzon,5,0
1956,Andre Milhoux,1,0
1956,Billy Garrett,1,0
1956,Jack Turner,1,0
1956,Bob Veith,1,0
1956,Fred Agabashian,1,0
1956,Ed Elisian,1,0
1956,Eddie Russo,1,0
1956,Johnny Boyd,1,0
1956,Roy Salvadori,3,0
1956,Giorgio Scarlatti,1,0
1956,Horace Gould,4,2
1956,Andy Linden,1,0
1956,Al Keller,1,0
1956,Bob Christie,1,0
1956,Jack Brabham,1,0
1956,Johnnie Parsons,1,3
1956,Cliff Griffith,1,0
1956,Troy Ruttman,1,0
1956,Pat Flaherty,1,8
1956,Jimmy Reece,1,0
1956,Dick Rathmann,1,2
1956,Jim Rathmann,1,0
1956,Luigi Villoresi,5,2
1956,Luigi Piotti,2,0
1956,Tony Bettenhausen,1,0
1956,Paul Russo,1,1
1956,Carlos Menditeguy,1,0
1956,Chico Landi,1,1.5
1956,Gerino Gerini,2,1.5
1956,Jean Behra,7,22
1956,Jose Froilan Gonzalez,2,0
1956,Stirling Moss,7,28
1956,Cesare Perdisa,4,3
1956,Mike Hawthorn,3,4
1956,Paco Godia,5,6
1956,Piero Taruffi,2,0
1956,Umberto Maglioli,3,0
1956,Jo Bonnier,1,0
1956,Ottorino Volonterio,1,0
1956,Tony Brooks,1,0
1956,Al Herman,1,0
1956,Eddie Johnson,1,0
1956,Gene Hartley,1,0
1956,Johnny Thomson,1,0
1956,Piero Scotti,1,0
1956,Bob Sweikert,1,0
1956,Ray Crawford,1,0
1956,Louis Chiron,0,0
1956,Harry Schell,6,3
1956,Emmanuel de Graffenried,1,0
1956,Eugenio Castellotti,7,7.5
1956,Juan Manuel Fangio,7,33
1956,Luigi Musso,4,4
1956,Olivier Gendebien,2,2
1956,Peter Collins,7,25
1956,Paul Frere,1,6
1956,Alfonso de Portago,4,3
1956,Wolfgang von Trips,0,0
1956,Duke Dinsmore,1,0
1956,Colin Chapman,0,0
1957,Jimmy Bryan,1,4
1957,Don Freeland,1,0
1957,Bob Veith,1,0
1957,Bob Gerard,1,0
1957,Bruce Halford,3,0
1957,Bob Christie,1,0
1957,Johnnie Parsons,1,0
1957,Marshall Teague,1,0
1957,Pat O'Connor,1,0
1957,Ivor Bueb,2,0
1957,Stuart Lewis-Evans,6,5
1957,Jack Brabham,5,0
1957,Les Leston,1,0
1957,Mike MacDowel,1,0
1957,Roy Salvadori,4,2
1957,Dick Gibson,1,0
1957,Edgar Barth,1,0
1957,Umberto Maglioli,1,0
1957,Carel Godin de Beaufort,1,0
1957,Elmer George,1,0
1957,Paco Godia,3,0
1957,Jimmy Reece,1,0
1957,Eddie Russo,1,0
1957,Fred Agabashian,1,0
1957,Johnny Boyd,1,0
1957,Sam Hanks,1,8
1957,Mike Magill,1,0
1957,Eddie Johnson,1,0
1957,Al Herman,1,0
1957,Horace Gould,5,0
1957,Jimmy Daywalt,1,0
1957,Brian Naylor,1,0
1957,Jo Bonnier,4,0
1957,Troy Ruttman,1,0
1957,Gene Hartley,1,0
1957,Bill Cheesbourg,1,0
1957,Andy Linden,1,2
1957,Ed Elisian,1,0
1957,Jim Rathmann,1,7
1957,Luigi Piotti,3,0
1957,Johnnie Tolan,1,0
1957,Paul Russo,1,3
1957,Tony Bettenhausen,1,0
1957,Carlos Menditeguy,4,4
1957,Jean Behra,6,6
1957,Juan Manuel Fangio,7,46
1957,Stirling Moss,6,25
1957,Giorgio Scarlatti,4,1
1957,Hans Herrmann,1,0
1957,Harry Schell,7,10
1957,Andre Simon,1,0
1957,Ottorino Volonterio,1,0
1957,Ron Flockhart,2,0
1957,Herbert MacKay-Fraser,1,0
1957,Jack Fairman,1,0
1957,Al Keller,1,0
1957,Jack Turner,1,0
1957,Chuck Weyant,1,0
1957,Eddie Sachs,1,0
1957,Johnny Thomson,1,0
1957,Paul England,1,0
1957,Tony Marsh,1,0
1957,Rodger Ward,1,0
1957,Don Edmunds,1,0
1957,Alejandro de Tomaso,1,0
1957,Masten Gregory,4,10
1957,Alfonso de Portago,1,1
1957,Cesare Perdisa,1,0
1957,Eugenio Castellotti,1,0
1957,Jose Froilan Gonzalez,1,1
1957,Luigi Musso,6,16
1957,Mike Hawthorn,6,13
1957,Peter Collins,6,8
1957,Wolfgang von Trips,3,4
1957,Maurice Trintignant,3,5
1957,Tony Brooks,5,11
1958,Andre Guelfi,1,0
1958,Andre Testut,0,0
1958,Louis Chiron,0,0
1958,Bernie Ecclestone,0,0
1958,Bruce Kessler,0,0
1958,Paul Emery,0,0
1958,Ivor Bueb,2,0
1958,Jack Fairman,2,0
1958,Don Freeland,1,0
1958,Dempsey Wilson,1,0
1958,Tom Bridger,1,0
1958,Tony Bettenhausen,1,4
1958,Pat O'Connor,1,0
1958,Jack Brabham,9,3
1958,Roy Salvadori,9,15
1958,Ian Burgess,2,0
1958,Bruce McLaren,2,0
1958,Anthony Joseph Foyt,1,0
1958,Dick Gibson,1,0
1958,Edgar Barth,1,0
1958,Christian Goethals,1,0
1958,Carel Godin de Beaufort,2,0
1958,Ed Elisian,1,0
1958,Bob Christie,1,0
1958,Paco Godia,3,0
1958,Johnnie Parsons,1,0
1958,Jimmy Bryan,1,8
1958,Mike Magill,1,0
1958,Giorgio Scarlatti,2,0
1958,Jo Bonnier,9,3
1958,Billy Garrett,1,0
1958,Chuck Weyant,1,0
1958,Paul Goldsmith,1,0
1958,Horace Gould,1,0
1958,Masten Gregory,4,0
1958,Art Bisch,1,0
1958,Brian Naylor,1,0
1958,Len Sutton,1,0
1958,Harry Schell,10,14
1958,Phil Hill,4,9
1958,Giulio Cabianca,1,0
1958,Hans Herrmann,3,0
1958,Jimmy Reece,1,0
1958,Jud Larson,1,0
1958,Jack Turner,1,0
1958,Eddie Johnson,1,0
1958,Juan Manuel Fangio,2,7
1958,Shorty Templeman,1,0
1958,Dick Rathmann,1,0
1958,Jean Behra,10,9
1958,Ken Kavanagh,0,0
1958,Luigi Taramazzo,0,0
1958,Jim Rathmann,1,2
1958,Johnnie Tolan,1,0
1958,Maria Teresa de Filippis,3,0
1958,George Amick,1,6
1958,Bill Cheesbourg,1,0
1958,Paul Russo,1,0
1958,Luigi Piotti,0,0
1958,Maurice Trintignant,9,12
1958,Ron Flockhart,1,0
1958,Al Keller,1,0
1958,Eddie Sachs,1,0
1958,Johnny Thomson,1,0
1958,Robert La Caze,1,0
1958,Bob Veith,1,0
1958,Johnny Boyd,1,4
1958,Rodger Ward,1,0
1958,Jerry Unser Jr.,1,0
1958,Stirling Moss,10,41
1958,Francois Picard,1,0
1958,Gerino Gerini,4,0
1958,Wolfgang Seidel,3,0
1958,Carroll Shelby,4,0
1958,Troy Ruttman,1,0
1958,Cliff Allison,9,3
1958,Luigi Musso,5,12
1958,Mike Hawthorn,10,49
1958,Peter Collins,7,14
1958,Wolfgang von Trips,6,9
1958,Olivier Gendebien,3,0
1958,Carlos Menditeguy,1,0
1958,Graham Hill,9,0
1958,Alan Stacey,1,0
1958,Tony Marsh,1,0
1958,Stuart Lewis-Evans,8,11
1958,Tony Brooks,9,24
1959,Trevor Taylor,0,0
1959,Anthony Joseph Foyt,1,0
1959,Mike Taylor,1,0
1959,Peter Ashdown,1,0
1959,Johnny Boyd,1,0
1959,Jud Larson,1,0
1959,Harry Blanchard,1,0
1959,Don Branson,1,0
1959,Ivor Bueb,1,0
1959,Stirling Moss,8,25.5
1959,Hans Herrmann,2,0
1959,Chris Bristow,1,0
1959,Fritz d'Orey,3,0
1959,Bobby Grim,1,0
1959,Bob Said,1,0
1959,Bruce McLaren,7,16.5
1959,Giorgio Scarlatti,2,0
1959,Jack Brabham,8,34
1959,Masten Gregory,6,10
1959,Carroll Shelby,4,0
1959,Roy Salvadori,7,0
1959,Mike Parkes,0,0
1959,Dennis Taylor,0,0
1959,David Piper,1,0
1959,Maria Teresa de Filippis,0,0
1959,Wolfgang von Trips,2,0
1959,Harry Schell,8,5
1959,Carel Godin de Beaufort,2,0
1959,Alain de Changy,0,0
1959,Lucien Bianchi,0,0
1959,Jack Turner,1,0
1959,Bob Christie,1,0
1959,Jimmy Daywalt,1,0
1959,Paul Russo,1,0
1959,Jimmy Bryan,1,0
1959,Mike Magill,1,0
1959,Keith Greene,0,0
1959,Al Herman,1,0
1959,Al Keller,1,0
1959,Jack Fairman,2,0
1959,Brian Naylor,1,0
1959,Jean Behra,3,2
1959,Jean Lucienbonnet,0,0
1959,Don Freeland,1,0
1959,Bruce Halford,1,0
1959,Tony Bettenhausen,1,3
1959,Bob Veith,1,0
1959,Pat Flaherty,1,0
1959,Eddie Johnson,1,0
1959,Dick Rathmann,1,0
1959,Chuck Arnold,1,0
1959,Rodger Ward,2,8
1959,Red Amick,1,0
1959,Jim Rathmann,1,6
1959,Bill Cheesbourg,1,0
1959,Andre Testut,0,0
1959,Paul Goldsmith,1,2
1959,Alejandro de Tomaso,1,0
1959,Giulio Cabianca,1,0
1959,Jo Bonnier,7,10
1959,Ron Flockhart,5,0
1959,Eddie Sachs,1,0
1959,Phil Cade,0,0
1959,Johnny Thomson,1,5
1959,Ray Crawford,1,0
1959,Jim McWithey,1,0
1959,Henry Taylor,1,0
1959,Tim Parnell,0,0
1959,Chuck Weyant,1,0
1959,Maurice Trintignant,8,19
1959,Gene Hartley,1,0
1959,Colin Davis,2,0
1959,Ian Burgess,4,0
1959,Mario de Araujo Cabral,1,0
1959,Asdrubal Fontes Bayardo,0,0
1959,Cliff Allison,5,2
1959,Phil Hill,7,20
1959,Tony Brooks,8,27
1959,Dan Gurney,4,13
1959,Olivier Gendebien,2,3
1959,George Constantine,1,0
1959,Graham Hill,7,0
1959,Pete Lovely,0,0
1959,Innes Ireland,6,5
1959,Alan Stacey,2,0
1959,Bill Moss,0,0
1959,Len Sutton,1,0
1959,Duane Carter,1,0
1960,Wayne Weiler,1,0
1960,Antonio Creus,1,0
1960,Arthur Owen,1,0
1960,Johnny Boyd,1,0
1960,Anthony Joseph Foyt,1,0
1960,Don Branson,1,3
1960,Eddie Russo,1,0
1960,Jack Fairman,1,0
1960,Masten Gregory,4,0
1960,Fred Gamble,1,0
1960,Gene Hartley,1,0
1960,Bruce McLaren,8,37
1960,Jack Brabham,8,43
1960,Chuck Daigh,3,0
1960,Ron Flockhart,2,1
1960,Roy Salvadori,3,0
1960,Maurice Trintignant,6,0
1960,Eddie Sachs,1,0
1960,Harry Schell,1,0
1960,Carel Godin de Beaufort,1,0
1960,Lucien Bianchi,3,1
1960,Vic Wilson,1,0
1960,Jim Hurtubise,1,0
1960,Ettore Chimeri,1,0
1960,Bob Christie,1,0
1960,Shorty Templeman,1,0
1960,Pete Lovely,1,0
1960,Bruce Halford,1,0
1960,Jimmy Bryan,1,0
1960,Keith Greene,1,0
1960,Gino Munaron,4,0
1960,Giorgio Scarlatti,2,0
1960,Horace Gould,0,0
1960,Jim McWithey,1,0
1960,Duane Carter,1,0
1960,Brian Naylor,3,0
1960,Lloyd Ruby,1,0
1960,Jim Hall,1,0
1960,Bud Tingelstad,1,0
1960,Eddie Johnson,1,1
1960,Dick Rathmann,1,0
1960,Al Herman,1,0
1960,Dempsey Wilson,1,0
1960,Don Freeland,1,0
1960,Bob Drake,1,0
1960,Troy Ruttman,1,0
1960,Jim Rathmann,1,8
1960,Chuck Stevenson,1,0
1960,Rodger Ward,1,6
1960,Red Amick,1,0
1960,Tony Bettenhausen,1,0
1960,Nasif Estefano,1,0
1960,Paul Goldsmith,1,4
1960,Bill Homeier,1,0
1960,Graham Hill,8,4
1960,Jo Bonnier,8,4
1960,Dan Gurney,7,0
1960,Len Sutton,1,0
1960,Bob Veith,1,0
1960,Edgar Barth,1,0
1960,Hans Herrmann,1,1
1960,Johnny Thomson,1,2
1960,Lance Reventlow,1,0
1960,Richie Ginther,3,8
1960,David Piper,1,0
1960,Gene Force,1,0
1960,Stirling Moss,5,19
1960,Carlos Menditeguy,1,3
1960,Roberto Bonomi,1,0
1960,Ian Burgess,3,0
1960,Mario de Araujo Cabral,1,0
1960,Alfonso Thiele,1,0
1960,Wolfgang von Trips,9,10
1960,Piero Drogo,1,0
1960,Giulio Cabianca,1,3
1960,Cliff Allison,1,6
1960,Jose Froilan Gonzalez,1,0
1960,Phil Hill,9,16
1960,Willy Mairesse,3,4
1960,Mike Taylor,0,0
1960,Alan Stacey,4,0
1960,Alberto Rodriguez Larreta,1,0
1960,Innes Ireland,8,18
1960,John Surtees,4,6
1960,Jim Clark,6,8
1960,Tony Brooks,7,7
1960,Bobby Grim,1,0
1960,Wolfgang Seidel,1,0
1960,Chris Bristow,3,0
1960,Henry Taylor,4,3
1960,Olivier Gendebien,5,10
1961,Bernard Collomb,2,0
1961,Masten Gregory,5,0
1961,Ian Burgess,3,0
1961,Bruce McLaren,8,11
1961,Jack Brabham,8,4
1961,Carel Godin de Beaufort,6,0
1961,Hans Herrmann,3,0
1961,Lucien Bianchi,3,0
1961,Olivier Gendebien,2,3
1961,Willy Mairesse,3,0
1961,Andre Pilette,0,0
1961,Giancarlo Baghetti,3,9
1961,Hap Sharp,1,0
1961,Jack Fairman,2,0
1961,Gaetano Starrabba,1,0
1961,Gerry Ashmore,3,0
1961,Keith Greene,1,0
1961,Jackie Lewis,5,3
1961,Roberto Bussinello,1,0
1961,Lloyd Ruby,1,0
1961,Peter Ryan,1,0
1961,Brian Naylor,1,0
1961,Jim Hall,1,0
1961,Roger Penske,1,0
1961,Tony Maggs,2,0
1961,Walt Hansgen,1,0
1961,Graham Hill,8,3
1961,Tony Brooks,8,6
1961,Renato Pirocchi,1,0
1961,Dan Gurney,8,21
1961,Jo Bonnier,8,3
1961,Stirling Moss,8,21
1961,Lorenzo Bandini,4,0
1961,Massimo Natili,1,0
1961,Michael May,2,0
1961,Wolfgang Seidel,3,0
1961,Phil Hill,7,38
1961,Richie Ginther,7,16
1961,Wolfgang von Trips,7,33
1961,Ricardo Rodriguez,1,0
1961,Maurice Trintignant,5,0
1961,Giorgio Scarlatti,1,0
1961,Nino Vaccarella,1,0
1961,Roberto Lippi,1,0
1961,Innes Ireland,6,12
1961,Jim Clark,8,11
1961,Trevor Taylor,1,0
1961,Tim Parnell,2,0
1961,Tony Marsh,2,0
1961,Cliff Allison,1,0
1961,Henry Taylor,3,0
1961,Juan Manuel Bordeu,0,0
1961,John Surtees,8,4
1961,Roy Salvadori,5,2
1962,Ian Burgess,2,0
1962,Dan Gurney,7,15
1962,Wolfgang Seidel,2,0
1962,Gunther Seiffert,0,0
1962,Tony Shelly,1,0
1962,Bernard Collomb,1,0
1962,John Surtees,9,19
1962,Roy Salvadori,7,0
1962,Jack Brabham,8,9
1962,Bruce McLaren,9,32
1962,Tony Maggs,9,13
1962,Timmy Mayer,1,0
1962,Roger Penske,1,0
1962,Jay Chamberlain,1,0
1962,Jo Siffert,3,0
1962,Heinz Schiller,1,0
1962,Heini Walter,1,0
1962,Jackie Lewis,4,0
1962,Ben Pon,1,0
1962,Carel Godin de Beaufort,8,2
1962,John Campbell-Jones,1,0
1962,Tony Settember,2,0
1962,Lucien Bianchi,2,0
1962,Ernie Pieterse,1,0
1962,Gerry Ashmore,0,0
1962,Keith Greene,1,0
1962,Hap Sharp,1,0
1962,Jim Hall,0,0
1962,John Love,1,0
1962,Rob Schroeder,1,0
1962,Mike Harris,1,0
1962,Neville Lederle,1,1
1962,Doug Serrurier,1,0
1962,Graham Hill,9,52
1962,Richie Ginther,9,10
1962,Bruce Johnstone,1,0
1962,Jo Bonnier,7,3
1962,Phil Hill,6,14
1962,Maurice Trintignant,6,0
1962,Nasif Estefano,0,0
1962,Giancarlo Baghetti,4,5
1962,Ricardo Rodriguez,4,4
1962,Lorenzo Bandini,3,4
1962,Willy Mairesse,3,3
1962,Ernesto Prinoth,0,0
1962,Roberto Lippi,0,0
1962,Nino Vaccarella,2,0
1962,Jim Clark,9,30
1962,Trevor Taylor,9,6
1962,Innes Ireland,8,2
1962,Masten Gregory,6,1
1963,Andre Pilette,0,0
1963,Giancarlo Baghetti,5,0
1963,Phil Hill,6,0
1963,Bernard Collomb,1,0
1963,Dan Gurney,10,19
1963,Jack Brabham,10,14
1963,Innes Ireland,7,6
1963,Jim Hall,9,3
1963,Peter Broeker,1,0
1963,Bruce McLaren,10,17
1963,Tony Maggs,10,9
1963,David Prophet,1,0
1963,Bob Anderson,2,0
1963,Carel Godin de Beaufort,7,2
1963,Gerhard Mitter,2,3
1963,Frank Dochnal,0,0
1963,Ian Raby,1,0
1963,John Love,1,0
1963,Kurt Kuhnke,0,0
1963,Ernie Pieterse,1,0
1963,Peter de Klerk,1,0
1963,Doug Serrurier,1,0
1963,Graham Hill,10,29
1963,Richie Ginther,10,34
1963,Chris Amon,6,0
1963,Maurice Trintignant,3,0
1963,Lucien Bianchi,1,0
1963,Mike Hailwood,2,0
1963,Masten Gregory,5,0
1963,Hap Sharp,2,0
1963,Rodger Ward,1,0
1963,Jo Bonnier,10,6
1963,Sam Tingle,1,0
1963,Tony Settember,4,0
1963,Ian Burgess,2,0
1963,Lorenzo Bandini,7,6
1963,Moises Solana,1,0
1963,Mario de Araujo Cabral,1,0
1963,Ernesto Brambilla,0,0
1963,John Surtees,10,22
1963,Willy Mairesse,3,0
1963,Ludovico Scarfiotti,1,1
1963,Trevor Blokdyk,1,0
1963,Roberto Lippi,0,0
1963,Paddy Driver,0,0
1963,Jo Siffert,9,1
1963,Jim Clark,10,73
1963,Trevor Taylor,9,1
1963,Peter Arundell,0,0
1963,Mike Spence,1,0
1963,Pedro Rodriguez,2,0
1963,Brausch Niemann,1,0
1963,John Campbell-Jones,1,0
1963,Tim Parnell,0,0
1964,Bernard Collomb,0,0
1964,John Taylor,1,0
1964,Dan Gurney,10,19
1964,Jack Brabham,10,11
1964,Innes Ireland,7,4
1964,Trevor Taylor,7,1
1964,Bruce McLaren,10,13
1964,Phil Hill,9,1
1964,John Love,0,0
1964,Mario de Araujo Cabral,1,0
1964,Bob Anderson,7,5
1964,Carel Godin de Beaufort,1,0
1964,Andre Pilette,1,0
1964,Jean-Claude Rudaz,0,0
1964,Ronnie Bucknum,3,0
1964,Ian Raby,1,0
1964,Frank Gardner,1,0
1964,Maurice Trintignant,4,2
1964,Graham Hill,10,41
1964,Richie Ginther,10,23
1964,Richard Attwood,0,0
1964,John Surtees,10,40
1964,Lorenzo Bandini,10,23
1964,Pedro Rodriguez,1,1
1964,Chris Amon,8,2
1964,Mike Hailwood,9,1
1964,Peter Revson,4,0
1964,Jo Bonnier,9,3
1964,Edgar Barth,1,0
1964,Jo Siffert,10,7
1964,Jochen Rindt,1,0
1964,Giacomo Russo,0,0
1964,Hap Sharp,2,0
1964,Giancarlo Baghetti,6,0
1964,Tony Maggs,3,4
1964,Ludovico Scarfiotti,1,0
1964,Jim Clark,10,32
1964,Peter Arundell,4,11
1964,Mike Spence,6,4
1964,Gerhard Mitter,1,0
1964,Walt Hansgen,1,2
1964,Moises Solana,1,0
1965,John Rhodes,1,0
1965,Alan Rollinson,0,0
1965,Dan Gurney,9,25
1965,Jack Brabham,6,9
1965,Denny Hulme,6,5
1965,Giancarlo Baghetti,1,0
1965,Brian Gubby,0,0
1965,Clive Puzey,0,0
1965,Bruce McLaren,10,10
1965,Jochen Rindt,9,4
1965,David Prophet,1,0
1965,Bob Anderson,5,0
1965,Paul Hawkins,3,0
1965,Dave Charlton,0,0
1965,Richie Ginther,8,11
1965,Ronnie Bucknum,6,2
1965,Chris Amon,2,0
1965,Ian Raby,1,0
1965,Jackie Pretorius,0,0
1965,John Love,1,0
1965,Frank Gardner,7,0
1965,Ernie Pieterse,0,0
1965,Bob Bondurant,2,0
1965,Pedro Rodriguez,2,2
1965,Peter de Klerk,1,0
1965,Doug Serrurier,0,0
1965,Graham Hill,10,47
1965,Jackie Stewart,10,34
1965,Tony Maggs,1,0
1965,Mike Hailwood,1,0
1965,Richard Attwood,8,2
1965,Innes Ireland,6,0
1965,Jo Siffert,10,5
1965,Jo Bonnier,10,0
1965,Sam Tingle,1,0
1965,Lucien Bianchi,1,0
1965,Masten Gregory,4,0
1965,Willy Mairesse,0,0
1965,Roberto Bussinello,1,0
1965,Giorgio Bassi,1,0
1965,John Surtees,8,17
1965,Lorenzo Bandini,10,13
1965,Nino Vaccarella,1,0
1965,Ludovico Scarfiotti,0,0
1965,Neville Lederle,0,0
1965,Jim Clark,9,54
1965,Mike Spence,9,10
1965,Gerhard Mitter,1,0
1965,Giacomo Russo,1,0
1965,Moises Solana,2,0
1965,Brausch Niemann,0,0
1965,Trevor Blokdyk,0,0
1966,Dan Gurney,8,4
1966,Phil Hill,0,0
1966,Bob Bondurant,7,3
1966,Jo Bonnier,9,1
1966,Innes Ireland,2,0
1966,Denny Hulme,9,18
1966,Chris Irwin,1,0
1966,Jack Brabham,9,45
1966,Bruce McLaren,4,3
1966,"Kurt Ahrens, Jr.",1,0
1966,Chris Amon,1,0
1966,Jochen Rindt,9,24
1966,Richie Ginther,5,5
1966,John Surtees,9,28
1966,Moises Solana,1,0
1966,John Taylor,4,1
1966,Bob Anderson,6,1
1966,Guy Ligier,5,0
1966,Ronnie Bucknum,2,0
1966,Chris Lawrence,2,0
1966,Jean-Pierre Beltoise,1,0
1966,Jo Schlesser,1,0
1966,Graham Hill,9,17
1966,Jackie Stewart,8,14
1966,Mike Spence,8,4
1966,Giancarlo Baghetti,1,0
1966,Alan Rees,1,0
1966,Hans Herrmann,1,0
1966,Jo Siffert,8,3
1966,Lorenzo Bandini,7,12
1966,Mike Parkes,4,12
1966,Ludovico Scarfiotti,2,9
1966,Trevor Taylor,1,0
1966,Silvio Moser,0,0
1966,Vic Wilson,0,0
1966,Jim Clark,8,16
1966,Giacomo Russo,1,0
1966,Pedro Rodriguez,4,0
1966,Peter Arundell,7,1
1966,Gerhard Mitter,0,0
1966,Piers Courage,1,0
1966,Hubert Hahne,1,0
1966,Jacky Ickx,1,0
1967,Dan Gurney,11,13
1967,Richie Ginther,0,0
1967,Bruce McLaren,9,3
1967,Ludovico Scarfiotti,3,1
1967,Hubert Hahne,1,0
1967,David Hobbs,3,0
1967,Denny Hulme,11,51
1967,Jack Brabham,11,48
1967,Al Pease,1,0
1967,Silvio Moser,1,0
1967,Jochen Rindt,10,6
1967,Pedro Rodriguez,8,15
1967,Alan Rees,2,0
1967,Richard Attwood,1,0
1967,Jacky Ickx,3,1
1967,Brian Redman,0,0
1967,Bob Anderson,5,2
1967,Jo Schlesser,1,0
1967,Gerhard Mitter,1,0
1967,Guy Ligier,7,1
1967,John Surtees,9,20
1967,Jo Bonnier,8,3
1967,John Love,1,6
1967,Luki Botha,1,0
1967,Jean-Pierre Beltoise,2,0
1967,Johnny Servoz-Gavin,1,0
1967,Mike Fisher,2,0
1967,Jackie Stewart,11,10
1967,Mike Spence,11,9
1967,Piers Courage,2,0
1967,Chris Irwin,9,2
1967,Jo Siffert,10,6
1967,Brian Hart,1,0
1967,"Kurt Ahrens, Jr.",1,0
1967,Sam Tingle,1,0
1967,Chris Amon,10,20
1967,Lorenzo Bandini,1,0
1967,Mike Parkes,2,2
1967,Jonathan Williams,1,0
1967,Dave Charlton,1,0
1967,Graham Hill,11,15
1967,Jim Clark,11,41
1967,Jackie Oliver,1,0
1967,Eppie Wietzes,1,0
1967,Giancarlo Baghetti,1,0
1967,Moises Solana,2,0
1967,Tom Jones,0,0
1968,Dan Gurney,9,3
1968,Hubert Hahne,1,0
1968,Frank Gardner,0,0
1968,Jack Brabham,11,2
1968,Jochen Rindt,12,8
1968,Denny Hulme,12,33
1968,Bruce McLaren,11,22
1968,"Kurt Ahrens, Jr.",1,0
1968,Al Pease,0,0
1968,Silvio Moser,2,2
1968,Brian Redman,3,4
1968,Ludovico Scarfiotti,3,6
1968,Lucien Bianchi,7,5
1968,Johnny Servoz-Gavin,5,6
1968,Vic Elford,7,5
1968,Robin Widdows,1,0
1968,John Surtees,12,12
1968,Jo Schlesser,1,0
1968,David Hobbs,1,0
1968,Jo Bonnier,8,3
1968,Basil van Rooyen,1,0
1968,Jackie Stewart,10,36
1968,Jean-Pierre Beltoise,12,11
1968,Henri Pescarolo,2,0
1968,Pedro Rodriguez,12,18
1968,Mike Spence,1,0
1968,Richard Attwood,6,6
1968,Bobby Unser,1,0
1968,Piers Courage,11,4
1968,Jo Siffert,12,12
1968,Andrea de Adamich,1,0
1968,Chris Amon,11,10
1968,Jacky Ickx,9,27
1968,Derek Bell,2,0
1968,Dave Charlton,1,0
1968,John Love,1,0
1968,Sam Tingle,1,0
1968,Graham Hill,12,48
1968,Jim Clark,1,9
1968,Jackie Oliver,8,6
1968,Mario Andretti,1,0
1968,Bill Brack,1,0
1968,Moises Solana,1,0
1968,Jackie Pretorius,1,0
1969,"Kurt Ahrens, Jr.",1,0
1969,Vic Elford,5,3
1969,Dieter Quester,0,0
1969,Gerhard Mitter,0,0
1969,Hubert Hahne,0,0
1969,Bruce McLaren,9,26
1969,Denny Hulme,11,20
1969,Derek Bell,1,0
1969,Jo Bonnier,2,0
1969,Peter Westbury,1,0
1969,Piers Courage,10,16
1969,Richard Attwood,2,3
1969,Graham Hill,10,19
1969,Mario Andretti,3,0
1969,Jochen Rindt,10,22
1969,John Miles,5,0
1969,Peter de Klerk,1,0
1969,Al Pease,1,0
1969,Jackie Stewart,11,63
1969,Jean-Pierre Beltoise,11,21
1969,Johnny Servoz-Gavin,4,1
1969,Henri Pescarolo,1,0
1969,Jack Brabham,8,14
1969,Jacky Ickx,11,37
1969,Pedro Rodriguez,8,3
1969,Jackie Oliver,10,1
1969,John Surtees,9,6
1969,Bill Brack,1,0
1969,George Eaton,2,0
1969,John Cordts,1,0
1969,Pete Lovely,3,0
1969,Jo Siffert,11,15
1969,Hans Herrmann,0,0
1969,Rolf Stommelen,1,0
1969,Chris Amon,6,4
1969,Ernesto Brambilla,0,0
1969,Silvio Moser,7,1
1969,Xavier Perrot,1,0
1969,Sam Tingle,1,0
1969,John Love,1,0
1969,Basil van Rooyen,1,0
1969,Francois Cevert,1,0
1970,Ronnie Peterson,9,0
1970,Rolf Stommelen,10,10
1970,Graham Hill,11,7
1970,Bruce McLaren,3,6
1970,Denny Hulme,11,27
1970,Dan Gurney,3,1
1970,Peter Gethin,7,1
1970,Andrea de Adamich,4,0
1970,Nanni Galli,0,0
1970,Jo Bonnier,1,0
1970,Henri Pescarolo,13,8
1970,Jean-Pierre Beltoise,13,16
1970,Piers Courage,4,0
1970,Brian Redman,0,0
1970,Tim Schenken,4,0
1970,Alex Soler-Roig,0,0
1970,Jochen Rindt,9,45
1970,John Miles,7,2
1970,Emerson Fittipaldi,5,12
1970,Reine Wisell,2,4
1970,Gus Hutchison,1,0
1970,Hubert Hahne,0,0
1970,Chris Amon,13,23
1970,Jo Siffert,12,0
1970,Jack Brabham,13,25
1970,Pete Lovely,1,0
1970,Jacky Ickx,13,40
1970,Ignazio Giunti,4,3
1970,Clay Regazzoni,8,33
1970,Dave Charlton,1,0
1970,Silvio Moser,1,0
1970,Mario Andretti,5,4
1970,Peter de Klerk,1,0
1970,John Love,1,0
1970,John Surtees,11,3
1970,Derek Bell,2,1
1970,Jackie Stewart,13,25
1970,Johnny Servoz-Gavin,2,2
1970,Francois Cevert,9,1
1970,George Eaton,8,0
1970,Jackie Oliver,13,2
1970,Pedro Rodriguez,13,23
1970,Peter Westbury,0,0
1971,Rolf Stommelen,9,3
1971,John Surtees,11,3
1971,Denny Hulme,10,9
1971,Peter Gethin,11,9
1971,Jackie Oliver,3,0
1971,Mike Beuttler,5,0
1971,Jo Bonnier,3,0
1971,Helmut Marko,4,0
1971,Chris Craft,1,0
1971,Francois Cevert,11,26
1971,Jackie Stewart,11,62
1971,Peter Revson,1,0
1971,Chris Amon,10,9
1971,Jean-Pierre Beltoise,7,1
1971,Henri Pescarolo,10,4
1971,Max Jean,1,0
1971,Skip Barber,3,0
1971,Emerson Fittipaldi,10,16
1971,Reine Wisell,10,9
1971,Dave Charlton,2,0
1971,David Walker,1,0
1971,Francois Mazet,1,0
1971,Silvio Moser,1,0
1971,Graham Hill,11,2
1971,Tim Schenken,10,5
1971,Mark Donohue,1,4
1971,David Hobbs,1,0
1971,Pete Lovely,2,0
1971,Clay Regazzoni,11,13
1971,Jacky Ickx,11,19
1971,Mario Andretti,5,12
1971,Jean-Pierre Jarier,1,0
1971,Gijs van Lennep,1,0
1971,Andrea de Adamich,7,0
1971,Nanni Galli,7,0
1971,Ronnie Peterson,11,33
1971,Alex Soler-Roig,4,0
1971,Niki Lauda,1,0
1971,Jackie Pretorius,1,0
1971,John Love,1,0
1971,Brian Redman,1,0
1971,Derek Bell,1,0
1971,Mike Hailwood,2,3
1971,Sam Posey,1,0
1971,Howden Ganley,9,5
1971,Jo Siffert,11,19
1971,Pedro Rodriguez,5,9
1971,Vic Elford,1,0
1971,George Eaton,1,0
1971,John Cannon,1,0
1972,Tim Schenken,12,2
1972,Mike Hailwood,10,13
1972,Andrea de Adamich,12,3
1972,Sam Posey,1,0
1972,Mike Beuttler,9,0
1972,Francois Migault,1,0
1972,Francois Cevert,12,15
1972,Jackie Stewart,11,45
1972,Patrick Depailler,2,0
1972,Chris Amon,11,12
1972,Skip Barber,2,0
1972,David Walker,10,0
1972,Emerson Fittipaldi,12,61
1972,Reine Wisell,8,0
1972,Dave Charlton,3,0
1972,Alex Soler-Roig,2,0
1972,Helmut Marko,5,0
1972,Howden Ganley,10,4
1972,Peter Gethin,10,1
1972,Jean-Pierre Beltoise,11,9
1972,Vern Schuppan,0,0
1972,Jackie Oliver,1,0
1972,Bill Brack,1,0
1972,Brian Redman,4,4
1972,Nanni Galli,5,0
1972,Derek Bell,2,0
1972,Carlos Reutemann,10,3
1972,Graham Hill,12,4
1972,Wilson Fittipaldi,10,0
1972,Clay Regazzoni,10,15
1972,Jacky Ickx,12,27
1972,Mario Andretti,5,4
1972,Arturo Merzario,2,1
1972,Niki Lauda,12,0
1972,Ronnie Peterson,12,12
1972,Rolf Stommelen,8,0
1972,William Ferguson,0,0
1972,John Love,1,0
1972,John Surtees,1,0
1972,Carlos Pace,11,3
1972,Henri Pescarolo,9,0
1972,Denny Hulme,12,39
1972,Peter Revson,9,23
1972,Jody Scheckter,1,0
1973,Eddie Keizan,1,0
1973,Carlos Pace,15,7
1973,Mike Hailwood,15,0
1973,Andrea de Adamich,6,3
1973,John Watson,2,0
1973,Rolf Stommelen,4,0
1973,Mike Beuttler,14,0
1973,Francois Cevert,14,47
1973,Jackie Stewart,14,71
1973,Chris Amon,5,1
1973,Graham Hill,12,0
1973,Howden Ganley,14,1
1973,Nanni Galli,5,0
1973,Jackie Pretorius,1,0
1973,Tom Belso,0,0
1973,Henri Pescarolo,3,0
1973,Graham McRae,1,0
1973,Gijs van Lennep,3,1
1973,Tim Schenken,1,0
1973,Jacky Ickx,12,12
1973,James Hunt,7,14
1973,Emerson Fittipaldi,15,55
1973,Ronnie Peterson,15,52
1973,David Purley,4,0
1973,Jean-Pierre Jarier,10,0
1973,Roger Williamson,2,0
1973,Clay Regazzoni,14,2
1973,Jean-Pierre Beltoise,15,9
1973,Niki Lauda,14,2
1973,Peter Gethin,1,0
1973,Carlos Reutemann,15,16
1973,Wilson Fittipaldi,15,3
1973,Dave Charlton,1,0
1973,Arturo Merzario,9,6
1973,Rikky von Opel,6,0
1973,Reine Wisell,1,0
1973,Luiz Bueno,1,0
1973,Jochen Mass,3,0
1973,George Follmer,12,5
1973,Jackie Oliver,13,4
1973,Brian Redman,1,0
1973,Denny Hulme,15,26
1973,Peter Revson,14,38
1973,Jody Scheckter,5,0
1974,Leo Kinnunen,1,0
1974,Lella Lombardi,0,0
1974,Carlos Pace,13,11
1974,Jochen Mass,12,0
1974,Jose Dolhem,1,0
1974,Derek Bell,1,0
1974,Eddie Keizan,1,0
1974,Chris Amon,3,0
1974,Larry Perkins,0,0
1974,Mike Wilds,1,0
1974,Jody Scheckter,15,45
1974,Patrick Depailler,15,14
1974,Graham Hill,15,1
1974,Guy Edwards,7,0
1974,Peter Gethin,1,0
1974,Rolf Stommelen,4,0
1974,Arturo Merzario,14,4
1974,Tom Belso,2,0
1974,Gijs van Lennep,1,0
1974,Richard Robarts,3,0
1974,Jean-Pierre Jabouille,0,0
1974,Jacques Laffite,5,0
1974,James Hunt,15,15
1974,Ian Scheckter,1,0
1974,John Watson,15,6
1974,Jacky Ickx,15,12
1974,Ronnie Peterson,15,35
1974,Tim Schenken,7,0
1974,Howden Ganley,2,0
1974,Hans-Joachim Stuck,12,5
1974,Vittorio Brambilla,11,1
1974,Reine Wisell,1,0
1974,Denny Hulme,15,20
1974,Emerson Fittipaldi,15,55
1974,Dieter Quester,1,0
1974,Carlos Reutemann,15,32
1974,Rikky von Opel,4,0
1974,Teddy Pilette,1,0
1974,Francois Migault,10,0
1974,Henri Pescarolo,12,0
1974,Jean-Pierre Beltoise,14,10
1974,Mark Donohue,2,0
1974,John Nicholson,0,0
1974,Dave Charlton,1,0
1974,Clay Regazzoni,15,52
1974,Niki Lauda,15,38
1974,Gerard Larrousse,1,0
1974,Helmuth Koinigg,2,0
1974,Carlo Facetti,0,0
1974,Eppie Wietzes,1,0
1974,Vern Schuppan,5,0
1974,Paddy Driver,1,0
1974,Ian Ashley,2,0
1974,Tom Pryce,9,1
1974,David Purley,0,0
1974,Jean-Pierre Jarier,14,6
1974,Peter Revson,2,0
1974,Brian Redman,3,0
1974,Bertil Roos,1,0
1974,Mario Andretti,2,0
1974,Mike Hailwood,11,12
1974,David Hobbs,2,0
1975,Vittorio Brambilla,14,6.5
1975,Wilson Fittipaldi,10,0
1975,Arturo Merzario,6,0
1975,Alan Jones,8,2
1975,Jody Scheckter,14,20
1975,Patrick Depailler,14,12
1975,Jean-Pierre Jabouille,1,0
1975,Michel Leclere,1,0
1975,Graham Hill,2,0
1975,Rolf Stommelen,6,0
1975,Francois Migault,2,0
1975,Tony Brise,10,1
1975,Vern Schuppan,1,0
1975,Mark Donohue,11,4
1975,John Watson,13,0
1975,Jacques Laffite,10,6
1975,Damien Magee,1,0
1975,Ian Scheckter,3,0
1975,Ian Ashley,0,0
1975,Jo Vonlanthen,1,0
1975,Renzo Zorzi,1,0
1975,Lella Lombardi,10,0.5
1975,Roelof Wunderink,3,0
1975,Gijs van Lennep,3,1
1975,Chris Amon,2,0
1975,James Hunt,14,33
1975,Brett Lunger,3,0
1975,Jacky Ickx,9,3
1975,Ronnie Peterson,14,6
1975,Brian Henton,2,0
1975,Jim Crawford,2,0
1975,Hans-Joachim Stuck,5,0
1975,Dave Charlton,1,0
1975,Hiroshi Fushida,0,0
1975,Tony Trimmer,0,0
1975,Emerson Fittipaldi,13,45
1975,Jochen Mass,14,20
1975,Carlos Pace,14,24
1975,Carlos Reutemann,14,37
1975,Jean-Pierre Jarier,13,1.5
1975,Tom Pryce,14,8
1975,Dave Morgan,1,0
1975,John Nicholson,1,0
1975,Torsten Palm,1,0
1975,Clay Regazzoni,14,25
1975,Niki Lauda,14,64.5
1975,Mike Wilds,2,0
1975,Bob Evans,8,0
1975,Eddie Keizan,1,0
1975,Guy Tunmer,1,0
1975,Mario Andretti,12,5
1975,Harald Ertl,3,0
1976,Vittorio Brambilla,16,1
1976,Larry Perkins,8,0
1976,Emerson Fittipaldi,15,3
1976,Ingo Hoffmann,1,0
1976,Alan Jones,14,7
1976,Jody Scheckter,16,49
1976,Patrick Depailler,16,39
1976,John Watson,16,20
1976,Boy Hayje,1,0
1976,Kazuyoshi Hoshino,1,0
1976,Harald Ertl,11,0
1976,Mario Andretti,15,22
1976,Ronnie Peterson,16,10
1976,Bob Evans,2,0
1976,Gunnar Nilsson,15,11
1976,Masahiro Hasemi,1,0
1976,Lella Lombardi,2,0
1976,Ian Scheckter,1,0
1976,Jacques Laffite,16,20
1976,Tom Pryce,16,10
1976,Tony Trimmer,0,0
1976,Emilio Zapico,0,0
1976,Hans-Joachim Stuck,16,8
1976,James Hunt,16,69
1976,Jochen Mass,16,19
1976,Carlos Pace,16,7
1976,Carlos Reutemann,13,3
1976,Rolf Stommelen,3,1
1976,Otto Stuppacher,0,0
1976,Arturo Merzario,11,0
1976,Guy Edwards,4,0
1976,Alex Ribeiro,1,0
1976,Emilio de Villota,0,0
1976,Loris Kessel,3,0
1976,Patrick Neve,2,0
1976,Jac Nellemann,0,0
1976,Damien Magee,0,0
1976,Clay Regazzoni,15,31
1976,Niki Lauda,14,68
1976,Alessandro Pesenti-Rossi,3,0
1976,Divina Galica,0,0
1976,Ian Ashley,1,0
1976,Jean-Pierre Jarier,16,0
1976,Chris Amon,8,2
1976,Hans Binder,2,0
1976,Jacky Ickx,8,0
1976,Henri Pescarolo,7,0
1976,Mike Wilds,0,0
1976,Brett Lunger,10,0
1976,Conny Andersson,1,0
1976,Noritake Takahara,1,0
1976,Renzo Zorzi,1,0
1976,Michel Leclere,6,0
1976,Warwick Brown,1,0
1976,Masami Kuwashima,0,0
1977,Renzo Zorzi,5,1
1977,Tom Pryce,3,0
1977,Alan Jones,14,22
1977,Riccardo Patrese,9,1
1977,Jackie Oliver,1,0
1977,Arturo Merzario,5,0
1977,Jean-Pierre Jarier,12,1
1977,Hans Heyer,1,0
1977,Hans Binder,11,0
1977,Vittorio Brambilla,17,6
1977,Brian McGuire,0,0
1977,Bernard de Dryver,0,0
1977,Brian Henton,2,0
1977,Brett Lunger,11,0
1977,Jean-Pierre Jabouille,4,0
1977,Patrick Depailler,17,20
1977,Ronnie Peterson,17,7
1977,Emerson Fittipaldi,14,11
1977,Ingo Hoffmann,2,0
1977,Kazuyoshi Hoshino,1,0
1977,Harald Ertl,3,0
1977,Hector Rebaque,1,0
1977,Ian Ashley,1,0
1977,Alex Ribeiro,9,0
1977,Emilio de Villota,2,0
1977,Danny Ongais,2,0
1977,Gunnar Nilsson,16,20
1977,Mario Andretti,17,47
1977,Loris Kessel,0,0
1977,Noritake Takahara,1,0
1977,David Purley,3,0
1977,Jacques Laffite,17,18
1977,Jochen Mass,17,25
1977,James Hunt,17,40
1977,Gilles Villeneuve,3,0
1977,Bruno Giacomelli,1,0
1977,Carlos Pace,3,6
1977,John Watson,17,9
1977,Hans-Joachim Stuck,15,12
1977,Giorgio Francia,0,0
1977,Kunimitsu Takahashi,1,0
1977,Tony Trimmer,0,0
1977,Rupert Keegan,12,0
1977,Boy Hayje,2,0
1977,Mikko Kozarowitzky,0,0
1977,Andy Sutcliffe,0,0
1977,Michael Bleekemolen,0,0
1977,Carlos Reutemann,17,42
1977,Niki Lauda,14,72
1977,Larry Perkins,3,0
1977,Conny Andersson,0,0
1977,Guy Edwards,0,0
1977,Teddy Pilette,0,0
1977,Ian Scheckter,13,0
1977,Patrick Tambay,7,5
1977,Vern Schuppan,3,0
1977,Lamberto Leoni,0,0
1977,Clay Regazzoni,15,5
1977,Jacky Ickx,1,0
1977,Jody Scheckter,17,55
1977,Patrick Neve,8,0
1978,Riccardo Patrese,14,11
1978,Rolf Stommelen,9,0
1978,Jean-Pierre Jarier,5,0
1978,Jochen Mass,10,0
1978,Alberto Colombo,0,0
1978,Keke Rosberg,9,0
1978,Hans Binder,0,0
1978,Michael Bleekemolen,1,0
1978,Harald Ertl,2,0
1978,Rene Arnoux,6,0
1978,Vittorio Brambilla,12,1
1978,Emilio de Villota,0,0
1978,Rupert Keegan,6,0
1978,Jean-Pierre Jabouille,14,3
1978,Didier Pironi,16,7
1978,Patrick Depailler,16,34
1978,Emerson Fittipaldi,16,17
1978,Danny Ongais,2,0
1978,Mario Andretti,16,64
1978,Ronnie Peterson,14,51
1978,Brett Lunger,10,0
1978,Nelson Piquet,5,0
1978,Jacques Laffite,16,19
1978,Geoff Lees,0,0
1978,James Hunt,16,8
1978,Patrick Tambay,15,8
1978,Bruno Giacomelli,5,0
1978,Tony Trimmer,0,0
1978,Divina Galica,0,0
1978,Eddie Cheever,1,0
1978,Derek Daly,6,1
1978,John Watson,16,25
1978,Niki Lauda,16,44
1978,Patrick Neve,0,0
1978,Carlos Reutemann,16,48
1978,Gilles Villeneuve,16,17
1978,Arturo Merzario,8,0
1978,Hector Rebaque,9,1
1978,Carlo Franchi,0,0
1978,Beppe Gabbiani,0,0
1978,Lamberto Leoni,1,0
1978,Jacky Ickx,3,0
1978,Bernard de Dryver,0,0
1978,Clay Regazzoni,11,4
1978,Hans-Joachim Stuck,14,2
1978,Jody Scheckter,16,24
1978,Bobby Rahal,2,0
1978,Alan Jones,16,11
1979,Alan Jones,15,43
1979,Clay Regazzoni,15,32
1979,Hans-Joachim Stuck,12,2
1979,Bruno Giacomelli,4,0
1979,Vittorio Brambilla,2,0
1979,Didier Pironi,15,14
1979,Jean-Pierre Jarier,13,14
1979,Geoff Lees,1,0
1979,Derek Daly,6,0
1979,Jean-Pierre Jabouille,14,9
1979,Rene Arnoux,14,17
1979,Emerson Fittipaldi,15,1
1979,Alex Ribeiro,0,0
1979,Elio de Angelis,14,3
1979,Jacques Laffite,15,36
1979,Patrick Depailler,7,22
1979,Jacky Ickx,8,3
1979,John Watson,15,15
1979,Patrick Tambay,13,0
1979,Carlos Reutemann,15,25
1979,Mario Andretti,15,14
1979,James Hunt,7,0
1979,Keke Rosberg,7,0
1979,Nelson Piquet,15,3
1979,Niki Lauda,13,4
1979,Ricardo Zunino,2,0
1979,Jan Lammers,12,0
1979,Gilles Villeneuve,15,53
1979,Jody Scheckter,15,60
1979,Patrick Gaillard,2,0
1979,Marc Surer,1,0
1979,Arturo Merzario,2,0
1979,Gianfranco Brancatelli,0,0
1979,Hector Rebaque,10,0
1979,Jochen Mass,13,3
1979,Riccardo Patrese,14,2
1980,Alan Jones,14,71
1980,Carlos Reutemann,14,49
1980,Desire Wilson,0,0
1980,Derek Daly,14,6
1980,Jean-Pierre Jarier,14,6
1980,Mike Thackwell,1,0
1980,Didier Pironi,14,32
1980,Jacques Laffite,14,34
1980,Jean-Pierre Jabouille,13,9
1980,Rene Arnoux,14,29
1980,Bruno Giacomelli,14,4
1980,Patrick Depailler,8,0
1980,Vittorio Brambilla,2,0
1980,Andrea de Cesaris,2,0
1980,Alain Prost,11,5
1980,John Watson,13,6
1980,Stephen South,0,0
1980,Eddie Cheever,10,0
1980,Nelson Piquet,14,54
1980,Ricardo Zunino,6,0
1980,Hector Rebaque,7,1
1980,Rupert Keegan,4,0
1980,Kevin Cogan,0,0
1980,Geoff Lees,2,0
1980,Gilles Villeneuve,14,6
1980,Jody Scheckter,13,2
1980,Emerson Fittipaldi,14,5
1980,Keke Rosberg,11,6
1980,Jan Lammers,6,0
1980,Marc Surer,9,0
1980,Harald Ertl,0,0
1980,Elio de Angelis,14,13
1980,Mario Andretti,14,1
1980,Nigel Mansell,2,0
1980,David Kennedy,0,0
1980,Stefan Johansson,0,0
1980,Clay Regazzoni,4,0
1980,Tiff Needell,1,0
1980,Jochen Mass,11,4
1980,Riccardo Patrese,14,7
1980,Manfred Winkelhock,0,0
1981,Alan Jones,15,46
1981,Carlos Reutemann,15,49
1981,Brian Henton,1,0
1981,Derek Warwick,1,0
1981,Beppe Gabbiani,3,0
1981,Miguel Angel Guerra,1,0
1981,Piercarlo Ghinzani,1,0
1981,Giorgio Francia,0,0
1981,Jean-Pierre Jarier,9,0
1981,Marc Surer,13,4
1981,Ricardo Londono,0,0
1981,Eliseo Salazar,9,1
1981,Alain Prost,15,43
1981,Rene Arnoux,14,11
1981,Jacques Laffite,15,44
1981,Jean-Pierre Jabouille,3,0
1981,Patrick Tambay,14,1
1981,Chico Serra,5,0
1981,Keke Rosberg,9,0
1981,Derek Daly,8,0
1981,Andrea de Cesaris,14,1
1981,John Watson,15,27
1981,Bruno Giacomelli,15,7
1981,Mario Andretti,15,3
1981,Hector Rebaque,14,11
1981,Nelson Piquet,15,50
1981,Riccardo Patrese,15,10
1981,Siegfried Stohr,9,0
1981,"Jacques Villeneuve, Sr.",0,0
1981,Didier Pironi,15,9
1981,Gilles Villeneuve,15,25
1981,Jan Lammers,2,0
1981,Slim Borgudd,7,1
1981,Elio de Angelis,14,14
1981,Nigel Mansell,13,8
1981,Eddie Cheever,14,10
1981,Kevin Cogan,0,0
1981,Ricardo Zunino,2,0
1981,Michele Alboreto,10,0
1982,Derek Warwick,11,0
1982,Teo Fabi,7,0
1982,Roberto Guerrero,8,0
1982,Alain Prost,16,34
1982,Rene Arnoux,16,28
1982,Eddie Cheever,14,15
1982,Jacques Laffite,15,5
1982,Chico Serra,9,1
1982,Elio de Angelis,15,23
1982,Nigel Mansell,13,7
1982,Roberto Moreno,0,0
1982,Geoff Lees,2,0
1982,Emilio de Villota,0,0
1982,John Watson,15,39
1982,Niki Lauda,14,30
1982,Andrea de Cesaris,16,5
1982,Bruno Giacomelli,16,2
1982,Jean-Pierre Jarier,13,3
1982,Riccardo Paletti,2,0
1982,Nelson Piquet,14,20
1982,Riccardo Patrese,15,21
1982,Brian Henton,14,0
1982,Mauro Baldi,11,2
1982,Marc Surer,12,3
1982,Jochen Mass,9,0
1982,Raul Boesel,10,0
1982,Rupert Keegan,3,0
1982,Didier Pironi,10,39
1982,Gilles Villeneuve,4,6
1982,Patrick Tambay,6,25
1982,Mario Andretti,3,4
1982,Carlos Reutemann,2,6
1982,Keke Rosberg,15,44
1982,Derek Daly,15,8
1982,Eliseo Salazar,13,2
1982,Manfred Winkelhock,13,2
1982,Michele Alboreto,16,25
1982,Slim Borgudd,3,0
1982,Jan Lammers,1,0
1982,Tommy Byrne,2,0
1983,Chico Serra,4,0
1983,Marc Surer,15,4
1983,Alan Jones,1,0
1983,Thierry Boutsen,10,0
1983,Danny Sullivan,15,2
1983,Michele Alboreto,15,10
1983,Bruno Giacomelli,14,1
1983,Derek Warwick,15,9
1983,Jean-Pierre Jarier,15,0
1983,Raul Boesel,13,0
1983,Alain Prost,15,57
1983,Eddie Cheever,15,22
1983,Nelson Piquet,15,59
1983,Riccardo Patrese,15,13
1983,Elio de Angelis,15,2
1983,Nigel Mansell,15,10
1983,Corrado Fabi,9,0
1983,Piercarlo Ghinzani,7,0
1983,John Watson,14,22
1983,Niki Lauda,14,12
1983,Andrea de Cesaris,14,15
1983,Mauro Baldi,15,3
1983,Eliseo Salazar,2,0
1983,Jean-Louis Schlesser,0,0
1983,"Jacques Villeneuve, Sr.",0,0
1983,Kenny Acheson,1,0
1983,Patrick Tambay,15,40
1983,Rene Arnoux,15,49
1983,Stefan Johansson,6,0
1983,Jacques Laffite,13,11
1983,Keke Rosberg,15,27
1983,Jonathan Palmer,1,0
1983,Manfred Winkelhock,14,0
1983,Johnny Cecotto,9,1
1983,Roberto Guerrero,13,0
1984,Marc Surer,15,1
1984,Thierry Boutsen,15,5
1984,Eddie Cheever,15,3
1984,Riccardo Patrese,16,8
1984,Derek Warwick,16,23
1984,Patrick Tambay,15,11
1984,Philippe Streiff,1,0
1984,Elio de Angelis,16,34
1984,Nigel Mansell,16,13
1984,Andrea de Cesaris,16,3
1984,Francois Hesnault,15,0
1984,Alain Prost,16,71.5
1984,Niki Lauda,16,72
1984,Nelson Piquet,16,29
1984,Teo Fabi,12,9
1984,Corrado Fabi,3,0
1984,Manfred Winkelhock,12,0
1984,Piercarlo Ghinzani,14,2
1984,Jo Gartner,8,0
1984,Michele Alboreto,16,30.5
1984,Rene Arnoux,16,27
1984,Jonathan Palmer,14,0
1984,Philippe Alliot,13,0
1984,Mike Thackwell,2,0
1984,Mauro Baldi,7,0
1984,Huub Rothengatter,7,0
1984,Gerhard Berger,4,0
1984,Ayrton Senna,14,13
1984,Johnny Cecotto,9,0
1984,Pierluigi Martini,0,0
1984,Stefan Johansson,7,3
1984,Martin Brundle,9,0
1984,Stefan Bellof,12,0
1984,Jacques Laffite,16,5
1984,Keke Rosberg,16,20.5
1985,Gerhard Berger,16,3
1985,Thierry Boutsen,16,11
1985,Eddie Cheever,16,0
1985,Riccardo Patrese,16,0
1985,Keke Rosberg,16,40
1985,Nigel Mansell,15,31
1985,Andrea de Cesaris,10,3
1985,Jacques Laffite,15,16
1985,Philippe Streiff,5,4
1985,Derek Warwick,15,5
1985,Patrick Tambay,15,11
1985,Francois Hesnault,4,0
1985,Ayrton Senna,16,38
1985,Elio de Angelis,16,33
1985,Huub Rothengatter,7,0
1985,Piercarlo Ghinzani,10,0
1985,Alain Prost,16,76
1985,Niki Lauda,14,14
1985,John Watson,1,0
1985,Pierluigi Martini,14,0
1985,Nelson Piquet,15,21
1985,Marc Surer,12,5
1985,Michele Alboreto,16,53
1985,Rene Arnoux,1,3
1985,Stefan Johansson,16,26
1985,Manfred Winkelhock,8,0
1985,Philippe Alliot,13,0
1985,Kenny Acheson,2,0
1985,Mauro Baldi,3,0
1985,Alan Jones,3,0
1985,Teo Fabi,13,0
1985,Martin Brundle,15,0
1985,Stefan Bellof,9,4
1985,Ivan Capelli,2,3
1985,Jonathan Palmer,7,0
1985,Christian Danner,2,0
1986,Marc Surer,5,0
1986,Thierry Boutsen,16,0
1986,Christian Danner,15,1
1986,Gerhard Berger,16,17
1986,Teo Fabi,16,2
1986,Nelson Piquet,16,69
1986,Nigel Mansell,16,72
1986,Martin Brundle,16,8
1986,Philippe Streiff,16,3
1986,Jacques Laffite,9,14
1986,Rene Arnoux,16,14
1986,Philippe Alliot,7,1
1986,Ayrton Senna,16,55
1986,Johnny Dumfries,15,3
1986,Ivan Capelli,2,0
1986,Alain Prost,16,74
1986,Keke Rosberg,16,22
1986,Alessandro Nannini,14,0
1986,Andrea de Cesaris,15,0
1986,Elio de Angelis,4,0
1986,Riccardo Patrese,16,2
1986,Derek Warwick,10,0
1986,Piercarlo Ghinzani,15,0
1986,Allen Berg,9,0
1986,Alex Caffi,1,0
1986,Michele Alboreto,16,14
1986,Stefan Johansson,16,23
1986,Alan Jones,16,4
1986,Patrick Tambay,13,2
1986,Eddie Cheever,1,0
1986,Jonathan Palmer,16,0
1986,Huub Rothengatter,11,0
1987,Teo Fabi,16,12
1987,Thierry Boutsen,16,16
1987,Ayrton Senna,16,57
1987,Satoru Nakajima,16,7
1987,Nelson Piquet,15,76
1987,Nigel Mansell,14,61
1987,Riccardo Patrese,16,6
1987,Jonathan Palmer,16,7
1987,Philippe Streiff,16,4
1987,Pascal Fabre,11,0
1987,Roberto Moreno,2,1
1987,Nicola Larini,1,0
1987,Alex Caffi,14,0
1987,Gabriele Tarquini,1,0
1987,Franco Forini,2,0
1987,Philippe Alliot,15,3
1987,Yannick Dalmas,3,0
1987,Ivan Capelli,15,1
1987,Piercarlo Ghinzani,14,0
1987,Rene Arnoux,14,1
1987,Alain Prost,16,46
1987,Stefan Johansson,16,30
1987,Adrian Campos,15,0
1987,Alessandro Nannini,16,0
1987,Andrea de Cesaris,16,4
1987,Stefano Modena,1,0
1987,Gerhard Berger,16,36
1987,Michele Alboreto,16,17
1987,Derek Warwick,16,3
1987,Eddie Cheever,16,8
1987,Christian Danner,15,0
1987,Martin Brundle,16,2
1988,Philippe Streiff,16,0
1988,Derek Warwick,16,17
1988,Eddie Cheever,16,6
1988,Alessandro Nannini,16,12
1988,Thierry Boutsen,16,27
1988,Alex Caffi,14,0
1988,Nelson Piquet,16,22
1988,Satoru Nakajima,14,1
1988,Nigel Mansell,14,12
1988,Riccardo Patrese,16,8
1988,Martin Brundle,1,0
1988,Jean-Louis Schlesser,1,0
1988,Gabriele Tarquini,8,0
1988,Oscar Larrauri,8,0
1988,Stefano Modena,10,0
1988,Alain Prost,16,105
1988,Ayrton Senna,16,94
1988,Philippe Alliot,16,0
1988,Yannick Dalmas,13,0
1988,Aguri Suzuki,1,0
1988,Pierre-Henri Raphanel,0,0
1988,Ivan Capelli,15,17
1988,Mauricio Gugelmin,16,5
1988,Rene Arnoux,14,0
1988,Stefan Johansson,10,0
1988,Adrian Campos,2,0
1988,Luis Perez-Sala,14,0
1988,Pierluigi Martini,9,1
1988,Nicola Larini,10,0
1988,Andrea de Cesaris,16,3
1988,Gerhard Berger,16,41
1988,Michele Alboreto,16,24
1988,Jonathan Palmer,14,5
1988,Julian Bailey,6,0
1988,Bernd Schneider,6,0
1988,Piercarlo Ghinzani,8,0
1989,Joachim Winkelhock,0,0
1989,Gabriele Tarquini,6,1
1989,Yannick Dalmas,1,0
1989,Alessandro Nannini,16,32
1989,Johnny Herbert,6,5
1989,Emanuele Pirro,10,2
1989,Alex Caffi,14,4
1989,Andrea de Cesaris,15,4
1989,Nelson Piquet,15,12
1989,Satoru Nakajima,13,3
1989,Riccardo Patrese,16,40
1989,Thierry Boutsen,16,37
1989,Pierre-Henri Raphanel,1,0
1989,Roberto Moreno,4,0
1989,Enrico Bertaggia,0,0
1989,Gregor Foitek,0,0
1989,Oscar Larrauri,0,0
1989,Nicola Larini,8,0
1989,Piercarlo Ghinzani,3,0
1989,Alain Prost,16,81
1989,Ayrton Senna,16,60
1989,Ivan Capelli,16,0
1989,Mauricio Gugelmin,15,4
1989,Olivier Grouillard,12,1
1989,Rene Arnoux,9,2
1989,Luis Perez-Sala,12,1
1989,Pierluigi Martini,15,5
1989,Paolo Barilla,1,0
1989,Bertrand Gachot,5,0
1989,Stefan Johansson,8,6
1989,JJ Lehto,2,0
1989,Martin Brundle,14,4
1989,Stefano Modena,15,4
1989,Christian Danner,4,3
1989,Volker Weidler,0,0
1989,Gerhard Berger,15,21
1989,Nigel Mansell,15,38
1989,Philippe Alliot,15,1
1989,Eric Bernard,2,0
1989,Michele Alboreto,10,6
1989,Jonathan Palmer,15,2
1989,Jean Alesi,8,8
1989,Derek Warwick,15,7
1989,Eddie Cheever,14,6
1989,Martin Donnelly,1,0
1989,Aguri Suzuki,0,0
1989,Bernd Schneider,2,0
1990,Gabriele Tarquini,4,0
1990,Yannick Dalmas,5,0
1990,Alessandro Nannini,14,21
1990,Nelson Piquet,16,44
1990,Roberto Moreno,5,6
1990,Andrea de Cesaris,15,0
1990,Gianni Morbidelli,3,0
1990,Emanuele Pirro,14,0
1990,Derek Warwick,16,3
1990,Martin Donnelly,13,0
1990,Johnny Herbert,2,0
1990,Riccardo Patrese,16,23
1990,Thierry Boutsen,16,34
1990,Bertrand Gachot,0,0
1990,Aguri Suzuki,16,6
1990,Eric Bernard,16,5
1990,Claudio Langes,0,0
1990,Olivier Grouillard,9,0
1990,Bernd Schneider,1,0
1990,Michele Alboreto,13,0
1990,Alex Caffi,11,2
1990,Ayrton Senna,16,78
1990,Gerhard Berger,16,43
1990,Ivan Capelli,14,6
1990,Mauricio Gugelmin,11,1
1990,Gary Brabham,0,0
1990,Bruno Giacomelli,0,0
1990,Nicola Larini,16,0
1990,Philippe Alliot,15,0
1990,JJ Lehto,5,0
1990,Stefan Johansson,0,0
1990,Gregor Foitek,7,0
1990,Stefano Modena,16,2
1990,David Brabham,8,0
1990,Paolo Barilla,8,0
1990,Pierluigi Martini,15,0
1990,Alain Prost,16,73
1990,Nigel Mansell,16,37
1990,Jean Alesi,15,13
1990,Satoru Nakajima,15,3
1991,Gabriele Tarquini,5,0
1991,Stefan Johansson,1,0
1991,Fabrizio Barbazza,0,0
1991,Olivier Grouillard,4,0
1991,Emanuele Pirro,13,1
1991,JJ Lehto,16,4
1991,Satoru Nakajima,16,2
1991,Stefano Modena,16,10
1991,Nelson Piquet,16,26.5
1991,Roberto Moreno,14,8
1991,Michael Schumacher,6,4
1991,Nigel Mansell,16,72
1991,Riccardo Patrese,16,53
1991,Pedro Chaves,0,0
1991,Naoki Hattori,0,0
1991,Michele Alboreto,9,0
1991,Alex Caffi,2,0
1991,Ayrton Senna,16,96
1991,Gerhard Berger,16,43
1991,Aguri Suzuki,12,1
1991,Eric Bernard,13,1
1991,Bertrand Gachot,10,4
1991,Ivan Capelli,14,1
1991,Mauricio Gugelmin,16,0
1991,Karl Wendlinger,2,0
1991,Erik Comas,13,0
1991,Thierry Boutsen,16,0
1991,Gianni Morbidelli,16,0.5
1991,Pierluigi Martini,16,6
1991,Eric van de Poele,1,0
1991,Nicola Larini,5,0
1991,Mark Blundell,14,1
1991,Martin Brundle,14,2
1991,Alain Prost,14,34
1991,Jean Alesi,16,21
1991,Andrea de Cesaris,15,9
1991,Alex Zanardi,3,0
1991,Julian Bailey,1,1
1991,Mika Hakkinen,15,2
1991,Johnny Herbert,7,0
1991,Michael Bartels,0,0
1992,Alex Caffi,0,0
1992,Enrico Bertaggia,0,0
1992,Roberto Moreno,1,0
1992,Perry McCarthy,0,0
1992,JJ Lehto,15,0
1992,Pierluigi Martini,16,2
1992,Martin Brundle,16,38
1992,Michael Schumacher,16,53
1992,Nigel Mansell,16,108
1992,Riccardo Patrese,16,56
1992,Bertrand Gachot,16,1
1992,Ukyo Katayama,14,0
1992,Andrea Chiesa,3,0
1992,Gabriele Tarquini,13,0
1992,Eric van de Poele,4,0
1992,Aguri Suzuki,14,0
1992,Michele Alboreto,16,6
1992,Ayrton Senna,16,50
1992,Gerhard Berger,16,49
1992,Erik Comas,15,4
1992,Thierry Boutsen,16,2
1992,Karl Wendlinger,14,3
1992,Paul Belmondo,5,0
1992,Emanuele Naspetti,5,0
1992,Jan Lammers,2,0
1992,Christian Fittipaldi,10,1
1992,Gianni Morbidelli,15,0
1992,Alex Zanardi,1,0
1992,Giovanna Amati,0,0
1992,Damon Hill,2,0
1992,Mauricio Gugelmin,16,0
1992,Stefano Modena,12,1
1992,Ivan Capelli,14,3
1992,Jean Alesi,16,18
1992,Nicola Larini,2,0
1992,Johnny Herbert,16,2
1992,Mika Hakkinen,15,11
1992,Andrea de Cesaris,16,8
1992,Olivier Grouillard,16,0
1993,Michael Schumacher,16,52
1993,Riccardo Patrese,16,20
1993,Alain Prost,16,99
1993,Damon Hill,16,69
1993,Aguri Suzuki,16,0
1993,Derek Warwick,16,4
1993,Erik Comas,16,1
1993,Philippe Alliot,14,2
1993,Toshio Suzuki,2,0
1993,Mark Blundell,16,10
1993,Martin Brundle,16,13
1993,Luca Badoer,12,0
1993,Michele Alboreto,9,0
1993,Jan Lammers,0,0
1993,Jean-Marc Gounon,2,0
1993,Ayrton Senna,16,73
1993,Michael Andretti,13,7
1993,Mika Hakkinen,3,4
1993,Christian Fittipaldi,14,5
1993,Fabrizio Barbazza,8,2
1993,Pierluigi Martini,8,0
1993,Ivan Capelli,1,0
1993,Rubens Barrichello,16,2
1993,Thierry Boutsen,10,0
1993,Marco Apicella,1,0
1993,Emanuele Naspetti,1,0
1993,Eddie Irvine,2,1
1993,JJ Lehto,16,5
1993,Karl Wendlinger,16,7
1993,Gerhard Berger,16,12
1993,Jean Alesi,16,16
1993,Alex Zanardi,11,1
1993,Johnny Herbert,16,11
1993,Pedro Lamy,4,0
1993,Andrea de Cesaris,16,0
1993,Ukyo Katayama,16,0
1994,Heinz-Harald Frentzen,15,7
1994,Karl Wendlinger,3,4
1994,Andrea de Cesaris,11,4
1994,JJ Lehto,8,1
1994,Christian Fittipaldi,16,6
1994,Gianni Morbidelli,16,3
1994,Eric Bernard,14,4
1994,Olivier Panis,16,9
1994,Johnny Herbert,16,0
1994,Franck Lagorce,2,0
1994,Martin Brundle,16,16
1994,Mika Hakkinen,15,26
1994,Philippe Alliot,2,0
1994,Jos Verstappen,10,10
1994,Michael Schumacher,14,92
1994,Michele Alboreto,16,1
1994,Pierluigi Martini,16,4
1994,David Brabham,16,0
1994,Roland Ratzenberger,1,0
1994,Andrea Montermini,0,0
1994,Jean-Marc Gounon,7,0
1994,Domenico Schiattarella,2,0
1994,Taki Inoue,1,0
1994,Bertrand Gachot,5,0
1994,Paul Belmondo,2,0
1994,Ayrton Senna,3,0
1994,Damon Hill,16,91
1994,David Coulthard,8,14
1994,Nigel Mansell,4,13
1994,Eddie Irvine,13,6
1994,Rubens Barrichello,15,19
1994,Aguri Suzuki,1,0
1994,Gerhard Berger,16,41
1994,Jean Alesi,14,24
1994,Nicola Larini,2,6
1994,Pedro Lamy,4,0
1994,Alex Zanardi,10,0
1994,Philippe Adams,2,0
1994,Mika Salo,2,0
1994,Erik Comas,15,2
1994,Olivier Beretta,10,0
1994,Yannick Dalmas,2,0
1994,Hideki Noda,3,0
1994,Jean-Denis Deletraz,1,0
1994,Mark Blundell,16,8
1994,Ukyo Katayama,16,5
1995,Gianni Morbidelli,10,5
1995,Taki Inoue,17,0
1995,Max Papis,7,0
1995,Christophe Bouchut,0,0
1995,Erik Comas,0,0
1995,Aguri Suzuki,5,1
1995,Olivier Panis,17,16
1995,Martin Brundle,11,7
1995,Mark Blundell,15,13
1995,Mika Hakkinen,15,17
1995,Nigel Mansell,2,0
1995,Jan Magnussen,1,0
1995,Johnny Herbert,17,45
1995,Michael Schumacher,17,102
1995,Luca Badoer,15,0
1995,Pierluigi Martini,8,0
1995,Pedro Lamy,8,1
1995,Domenico Schiattarella,4,0
1995,Jos Verstappen,4,0
1995,Mika Salo,17,5
1995,Ukyo Katayama,16,0
1995,Gabriele Tarquini,1,0
1995,Andrea Montermini,15,0
1995,Bertrand Gachot,11,0
1995,Giovanni Lavaggi,4,0
1995,Jean-Denis Deletraz,2,0
1995,Pedro Diniz,17,0
1995,Roberto Moreno,16,0
1995,Heinz-Harald Frentzen,17,15
1995,Karl Wendlinger,6,0
1995,Jean-Christophe Boullion,11,3
1995,Damon Hill,17,69
1995,David Coulthard,17,49
1995,Gerhard Berger,17,31
1995,Jean Alesi,17,42
1995,Eddie Irvine,17,10
1995,Rubens Barrichello,17,11
1996,Martin Brundle,16,8
1996,Rubens Barrichello,16,14
1996,Jos Verstappen,16,1
1996,Ricardo Rosset,16,0
1996,Andrea Montermini,4,0
1996,Luca Badoer,6,0
1996,Olivier Panis,16,13
1996,Pedro Diniz,16,2
1996,David Coulthard,16,18
1996,Mika Hakkinen,16,31
1996,Gerhard Berger,16,21
1996,Jean Alesi,16,47
1996,Giancarlo Fisichella,8,0
1996,Pedro Lamy,16,0
1996,Tarso Marques,2,0
1996,Giovanni Lavaggi,3,0
1996,Heinz-Harald Frentzen,16,7
1996,Johnny Herbert,15,4
1996,Damon Hill,16,97
1996,Jacques Villeneuve,16,78
1996,Eddie Irvine,16,11
1996,Michael Schumacher,15,59
1996,Mika Salo,16,5
1996,Ukyo Katayama,16,0
1997,Giancarlo Fisichella,17,20
1997,Ralf Schumacher,17,13
1997,Damon Hill,16,7
1997,Pedro Diniz,17,2
1997,Jan Magnussen,16,0
1997,Rubens Barrichello,17,6
1997,Ricardo Rosset,0,0
1997,Vincenzo Sospiri,0,0
1997,Gerhard Berger,14,27
1997,Jean Alesi,17,36
1997,Alexander Wurz,3,4
1997,Jarno Trulli,13,3
1997,Ukyo Katayama,17,0
1997,Tarso Marques,9,0
1997,Jos Verstappen,17,0
1997,Mika Salo,17,2
1997,Olivier Panis,10,16
1997,Shinji Nakano,17,2
1997,Johnny Herbert,17,15
1997,Nicola Larini,5,1
1997,Gianni Morbidelli,7,0
1997,Norberto Fontana,4,0
1997,Heinz-Harald Frentzen,17,42
1997,Jacques Villeneuve,17,81
1997,Eddie Irvine,17,24
1997,Michael Schumacher,17,78
1997,David Coulthard,17,36
1997,Mika Hakkinen,17,27
1998,Damon Hill,16,20
1998,Ralf Schumacher,16,14
1998,Mika Salo,15,3
1998,Pedro Diniz,16,3
1998,Esteban Tuero,16,0
1998,Shinji Nakano,16,0
1998,Jarno Trulli,16,1
1998,Olivier Panis,15,0
1998,Jan Magnussen,7,1
1998,Rubens Barrichello,15,4
1998,Jos Verstappen,9,0
1998,Alexander Wurz,16,17
1998,Giancarlo Fisichella,16,16
1998,Ricardo Rosset,10,0
1998,Toranosuke Takagi,16,0
1998,Jean Alesi,16,9
1998,Johnny Herbert,16,1
1998,Eddie Irvine,16,47
1998,Michael Schumacher,16,86
1998,David Coulthard,16,56
1998,Mika Hakkinen,16,100
1998,Heinz-Harald Frentzen,16,17
1998,Jacques Villeneuve,16,21
1999,Damon Hill,16,7
1999,Heinz-Harald Frentzen,16,54
1999,Jacques Villeneuve,16,0
1999,Ricardo Zonta,12,0
1999,Mika Salo,9,10
1999,Luca Badoer,15,0
1999,Marc Gene,16,1
1999,Stephane Sarrazin,1,0
1999,Jarno Trulli,15,7
1999,Olivier Panis,16,2
1999,Johnny Herbert,15,15
1999,Rubens Barrichello,16,21
1999,Alexander Wurz,16,3
1999,Giancarlo Fisichella,16,13
1999,Jean Alesi,16,2
1999,Pedro Diniz,16,3
1999,Pedro de la Rosa,16,1
1999,Toranosuke Takagi,16,0
1999,Eddie Irvine,16,74
1999,Michael Schumacher,9,44
1999,David Coulthard,16,48
1999,Mika Hakkinen,16,76
1999,Alex Zanardi,16,0
1999,Ralf Schumacher,16,35
2000,Jos Verstappen,17,5
2000,Pedro de la Rosa,16,2
2000,Heinz-Harald Frentzen,17,11
2000,Jarno Trulli,17,6
2000,Jenson Button,17,12
2000,Ralf Schumacher,17,24
2000,Jean Alesi,17,0
2000,Nick Heidfeld,16,0
2000,Eddie Irvine,16,4
2000,Johnny Herbert,17,0
2000,Luciano Burti,1,0
2000,Jacques Villeneuve,17,17
2000,Ricardo Zonta,17,3
2000,Alexander Wurz,17,2
2000,Giancarlo Fisichella,17,18
2000,Mika Salo,16,6
2000,Pedro Diniz,16,0
2000,Michael Schumacher,17,108
2000,Rubens Barrichello,17,62
2000,Gaston Mazzacane,17,0
2000,Marc Gene,17,0
2000,David Coulthard,17,73
2000,Mika Hakkinen,17,89
2001,Heinz-Harald Frentzen,15,6
2001,Jarno Trulli,17,12
2001,Ricardo Zonta,2,0
2001,Jean Alesi,17,5
2001,Juan Pablo Montoya,17,31
2001,Ralf Schumacher,17,49
2001,Fernando Alonso,17,0
2001,Tarso Marques,13,0
2001,Alex Yoong,3,0
2001,Eddie Irvine,17,6
2001,Luciano Burti,14,0
2001,Pedro de la Rosa,13,3
2001,Jacques Villeneuve,17,12
2001,Olivier Panis,17,5
2001,Giancarlo Fisichella,17,8
2001,Jenson Button,17,2
2001,Enrique Bernoldi,17,0
2001,Jos Verstappen,17,1
2001,Gaston Mazzacane,4,0
2001,Tomas Enge,3,0
2001,Kimi Raikkonen,17,9
2001,Nick Heidfeld,17,12
2001,Michael Schumacher,17,123
2001,Rubens Barrichello,17,56
2001,David Coulthard,17,65
2001,Mika Hakkinen,16,37
2002,Juan Pablo Montoya,17,50
2002,Ralf Schumacher,17,42
2002,Giancarlo Fisichella,16,7
2002,Takuma Sato,17,2
2002,Eddie Irvine,17,8
2002,Pedro de la Rosa,17,0
2002,Alex Yoong,11,0
2002,Mark Webber,16,2
2002,Anthony Davidson,2,0
2002,Jacques Villeneuve,17,4
2002,Olivier Panis,17,3
2002,Jarno Trulli,17,9
2002,Jenson Button,17,14
2002,Enrique Bernoldi,11,0
2002,Heinz-Harald Frentzen,12,2
2002,Allan McNish,16,0
2002,Mika Salo,17,2
2002,Felipe Massa,16,4
2002,Nick Heidfeld,17,7
2002,Michael Schumacher,17,144
2002,Rubens Barrichello,15,77
2002,David Coulthard,17,41
2002,Kimi Raikkonen,17,24
2003,Giancarlo Fisichella,16,12
2003,Ralph Firman,14,1
2003,Zsolt Baumgartner,2,0
2003,Bjorn Wirdheim,0,0
2003,Satoshi Motoyama,0,0
2003,Juan Pablo Montoya,16,82
2003,Ralf Schumacher,15,58
2003,Marc Gene,1,4
2003,Antonio Pizzonia,11,0
2003,Mark Webber,16,17
2003,Justin Wilson,16,1
2003,Jacques Villeneuve,14,6
2003,Jenson Button,15,17
2003,Takuma Sato,1,3
2003,Fernando Alonso,16,55
2003,Jarno Trulli,16,33
2003,Allan McNish,0,0
2003,Franck Montagny,0,0
2003,Cristiano da Matta,16,10
2003,Olivier Panis,16,6
2003,Heinz-Harald Frentzen,15,13
2003,Nick Heidfeld,16,6
2003,Michael Schumacher,16,93
2003,Rubens Barrichello,16,65
2003,Jos Verstappen,16,0
2003,Nicolas Kiesa,5,0
2003,Gianmaria Bruni,0,0
2003,Matteo Bobbi,0,0
2003,David Coulthard,16,51
2003,Kimi Raikkonen,16,91
2004,Juan Pablo Montoya,18,58
2004,Ralf Schumacher,12,24
2004,Marc Gene,2,0
2004,Antonio Pizzonia,4,6
2004,Christian Klien,18,3
2004,Mark Webber,18,7
2004,Bjorn Wirdheim,0,0
2004,Giorgio Pantano,14,0
2004,Nick Heidfeld,18,3
2004,Timo Glock,4,2
2004,Robert Doornbos,0,0
2004,Jenson Button,18,85
2004,Takuma Sato,18,34
2004,Anthony Davidson,0,0
2004,Fernando Alonso,18,59
2004,Jarno Trulli,17,46
2004,Jacques Villeneuve,3,0
2004,Gianmaria Bruni,18,0
2004,Zsolt Baumgartner,18,1
2004,Bas Leinders,0,0
2004,Cristiano da Matta,12,3
2004,Olivier Panis,17,6
2004,Ricardo Zonta,5,0
2004,Ryan Briscoe,0,0
2004,Felipe Massa,18,12
2004,Giancarlo Fisichella,18,22
2004,Michael Schumacher,18,148
2004,Rubens Barrichello,18,114
2004,David Coulthard,18,24
2004,Kimi Raikkonen,18,45
2005,Mark Webber,18,36
2005,Nick Heidfeld,13,28
2005,Antonio Pizzonia,5,2
2005,Narain Karthikeyan,19,5
2005,Tiago Monteiro,19,7
2005,Franck Montagny,0,0
2005,Nicolas Kiesa,0,0
2005,Robert Doornbos,8,0
2005,Sakon Yamamoto,0,0
2005,Jenson Button,16,37
2005,Takuma Sato,15,1
2005,Anthony Davidson,1,0
2005,Fernando Alonso,18,133
2005,Giancarlo Fisichella,18,58
2005,Christijan Albers,19,4
2005,Patrick Friesacher,11,3
2005,Chanoch Nissany,0,0
2005,Enrico Toccacelo,0,0
2005,Jarno Trulli,18,43
2005,Ralf Schumacher,18,45
2005,Ricardo Zonta,0,0
2005,Olivier Panis,0,0
2005,Christian Klien,13,9
2005,David Coulthard,18,24
2005,Vitantonio Liuzzi,4,1
2005,Scott Speed,0,0
2005,Felipe Massa,18,11
2005,Jacques Villeneuve,18,9
2005,Michael Schumacher,19,62
2005,Rubens Barrichello,19,38
2005,Juan Pablo Montoya,16,60
2005,Kimi Raikkonen,18,112
2005,Pedro de la Rosa,1,4
2005,Alexander Wurz,1,6
2006,Jacques Villeneuve,12,7
2006,Nick Heidfeld,18,23
2006,Robert Kubica,6,6
2006,Sebastian Vettel,0,0
2006,Jenson Button,18,56
2006,Rubens Barrichello,18,30
2006,Anthony Davidson,0,0
2006,Christijan Albers,18,0
2006,Tiago Monteiro,18,0
2006,Alexandre Premat,0,0
2006,Adrian Sutil,0,0
2006,Ernesto Viso,0,0
2006,Giorgio Mondini,0,0
2006,Markus Winkelhock,0,0
2006,Fernando Alonso,18,134
2006,Giancarlo Fisichella,18,72
2006,Jarno Trulli,18,15
2006,Ralf Schumacher,18,20
2006,Christian Klien,15,2
2006,David Coulthard,18,14
2006,Robert Doornbos,3,0
2006,Michael Ammermuller,0,0
2006,Felipe Massa,18,80
2006,Michael Schumacher,18,121
2006,Scott Speed,18,0
2006,Vitantonio Liuzzi,18,1
2006,Neel Jani,0,0
2006,Takuma Sato,18,0
2006,Yuji Ide,4,0
2006,Franck Montagny,7,0
2006,Sakon Yamamoto,7,0
2006,Juan Pablo Montoya,10,26
2006,Kimi Raikkonen,18,65
2006,Pedro de la Rosa,8,19
2006,Mark Webber,18,7
2006,Nico Rosberg,18,4
2006,Alexander Wurz,0,0
2007,Alexander Wurz,16,13
2007,Nico Rosberg,17,20
2007,Kazuki Nakajima,1,0
2007,Nick Heidfeld,17,61
2007,Robert Kubica,16,39
2007,Sebastian Vettel,8,6
2007,Adrian Sutil,17,1
2007,Christijan Albers,9,0
2007,Markus Winkelhock,1,0
2007,Sakon Yamamoto,7,0
2007,Jenson Button,17,6
2007,Rubens Barrichello,17,0
2007,Christian Klien,0,0
2007,Giancarlo Fisichella,17,21
2007,Heikki Kovalainen,17,30
2007,Jarno Trulli,17,8
2007,Ralf Schumacher,17,5
2007,David Coulthard,17,14
2007,Mark Webber,17,10
2007,Felipe Massa,17,94
2007,Kimi Raikkonen,17,110
2007,Scott Speed,10,0
2007,Vitantonio Liuzzi,17,3
2007,Anthony Davidson,17,0
2007,Takuma Sato,17,4
2007,Fernando Alonso,17,109
2007,Lewis Hamilton,17,109
2008,Kazuki Nakajima,18,9
2008,Nico Rosberg,18,17
2008,Nick Heidfeld,18,60
2008,Robert Kubica,18,75
2008,Adrian Sutil,18,0
2008,Giancarlo Fisichella,18,0
2008,Jenson Button,18,3
2008,Rubens Barrichello,18,11
2008,Fernando Alonso,18,61
2008,Nelson Piquet Jr.,18,19
2008,Jarno Trulli,18,31
2008,Timo Glock,18,25
2008,David Coulthard,18,8
2008,Mark Webber,18,21
2008,Felipe Massa,18,97
2008,Kimi Raikkonen,18,75
2008,Sebastian Vettel,18,35
2008,Sebastien Bourdais,18,4
2008,Anthony Davidson,4,0
2008,Takuma Sato,4,0
2008,Heikki Kovalainen,18,53
2008,Lewis Hamilton,18,98
2009,Kazuki Nakajima,17,0
2009,Nico Rosberg,17,34.5
2009,Nick Heidfeld,17,19
2009,Robert Kubica,17,17
2009,Jenson Button,17,95
2009,Rubens Barrichello,17,77
2009,Adrian Sutil,17,5
2009,Giancarlo Fisichella,17,8
2009,Vitantonio Liuzzi,5,0
2009,Fernando Alonso,17,26
2009,Nelson Piquet Jr.,10,0
2009,Romain Grosjean,7,0
2009,Jarno Trulli,17,32.5
2009,Timo Glock,14,24
2009,Kamui Kobayashi,2,3
2009,Mark Webber,17,69.5
2009,Sebastian Vettel,17,84
2009,Felipe Massa,9,22
2009,Kimi Raikkonen,17,48
2009,Luca Badoer,2,0
2009,Sebastien Bourdais,9,2
2009,Sebastien Buemi,17,6
2009,Jaime Alguersuari,8,0
2009,Heikki Kovalainen,17,22
2009,Lewis Hamilton,17,49
2010,Nico Hulkenberg,19,22
2010,Rubens Barrichello,19,47
2010,Kamui Kobayashi,19,32
2010,Pedro de la Rosa,13,6
2010,Nick Heidfeld,5,6
2010,Adrian Sutil,19,47
2010,Vitantonio Liuzzi,19,21
2010,Paul di Resta,0,0
2010,Bruno Senna,18,0
2010,Karun Chandhok,10,0
2010,Sakon Yamamoto,7,0
2010,Christian Klien,3,0
2010,Heikki Kovalainen,18,0
2010,Jarno Trulli,18,0
2010,Fairuz Fauzy,0,0
2010,Michael Schumacher,19,72
2010,Nico Rosberg,19,142
2010,Mark Webber,19,242
2010,Sebastian Vettel,19,256
2010,Robert Kubica,19,136
2010,Vitaly Petrov,19,27
2010,Felipe Massa,19,144
2010,Fernando Alonso,19,252
2010,Jaime Alguersuari,19,5
2010,Sebastien Buemi,19,8
2010,Lucas di Grassi,18,0
2010,Timo Glock,18,0
2010,Jerome d'Ambrosio,0,0
2010,Jenson Button,19,214
2010,Lewis Hamilton,19,240
2011,Pastor Maldonado,19,1
2011,Rubens Barrichello,19,4
2011,Adrian Sutil,19,42
2011,Paul di Resta,19,27
2011,Nico Hulkenberg,0,0
2011,Narain Karthikeyan,8,0
2011,Vitantonio Liuzzi,17,0
2011,Daniel Ricciardo,11,0
2011,Jan Charouz,0,0
2011,Nick Heidfeld,11,34
2011,Vitaly Petrov,19,37
2011,Bruno Senna,8,2
2011,Romain Grosjean,0,0
2011,Jerome d'Ambrosio,19,0
2011,Timo Glock,18,0
2011,Robert Wickens,0,0
2011,Michael Schumacher,19,76
2011,Nico Rosberg,19,89
2011,Mark Webber,19,258
2011,Sebastian Vettel,19,392
2011,Kamui Kobayashi,19,30
2011,Sergio Perez,17,14
2011,Pedro de la Rosa,1,0
2011,Felipe Massa,19,118
2011,Fernando Alonso,19,257
2011,Jaime Alguersuari,19,26
2011,Sebastien Buemi,19,15
2011,Jean-Eric Vergne,0,0
2011,Heikki Kovalainen,19,0
2011,Jarno Trulli,18,0
2011,Karun Chandhok,1,0
2011,Davide Valsecchi,0,0
2011,Luiz Razia,0,0
2011,Jenson Button,19,270
2011,Lewis Hamilton,19,227
2012,Heikki Kovalainen,20,0
2012,Vitaly Petrov,19,0
2012,Alexander Rossi,0,0
2012,Giedo van der Garde,0,0
2012,Narain Karthikeyan,19,0
2012,Pedro de la Rosa,19,0
2012,Dani Clos,0,0
2012,Qing Hua Ma,0,0
2012,Kimi Raikkonen,20,207
2012,Romain Grosjean,19,96
2012,Jerome d'Ambrosio,1,0
2012,Charles Pic,20,0
2012,Timo Glock,19,0
2012,Max Chilton,0,0
2012,Michael Schumacher,20,49
2012,Nico Rosberg,20,93
2012,Mark Webber,20,179
2012,Sebastian Vettel,20,281
2012,Nico Hulkenberg,20,63
2012,Paul di Resta,20,46
2012,Jules Bianchi,0,0
2012,Kamui Kobayashi,20,60
2012,Sergio Perez,20,66
2012,Esteban Gutierrez,0,0
2012,Felipe Massa,20,122
2012,Fernando Alonso,20,278
2012,Daniel Ricciardo,20,10
2012,Jean-Eric Vergne,20,16
2012,Jenson Button,20,188
2012,Lewis Hamilton,20,190
2012,Bruno Senna,20,31
2012,Pastor Maldonado,20,45
2012,Valtteri Bottas,0,0
2013,Charles Pic,19,0
2013,Giedo van der Garde,19,0
2013,Alexander Rossi,0,0
2013,Heikki Kovalainen,2,0
2013,Qing Hua Ma,0,0
2013,Mark Webber,19,199
2013,Sebastian Vettel,19,397
2013,Kimi Raikkonen,17,183
2013,Romain Grosjean,19,132
2013,Jules Bianchi,19,0
2013,Max Chilton,19,0
2013,Rodolfo Gonzalez,0,0
2013,Lewis Hamilton,19,189
2013,Nico Rosberg,19,171
2013,Adrian Sutil,19,29
2013,Paul di Resta,19,48
2013,James Calado,0,0
2013,Esteban Gutierrez,19,6
2013,Nico Hulkenberg,18,51
2013,Felipe Massa,19,112
2013,Fernando Alonso,19,242
2013,Daniel Ricciardo,19,20
2013,Jean-Eric Vergne,19,13
2013,Daniil Kvyat,0,0
2013,Jenson Button,19,73
2013,Sergio Perez,19,49
2013,Pastor Maldonado,19,1
2013,Valtteri Bottas,19,4
2014,Kamui Kobayashi,15,0
2014,Marcus Ericsson,16,0
2014,Andre Lotterer,1,0
2014,Will Stevens,1,0
2014,Alexander Rossi,0,0
2014,Roberto Merhi,0,0
2014,Robin Frijns,0,0
2014,Daniel Ricciardo,19,238
2014,Sebastian Vettel,19,167
2014,Pastor Maldonado,18,2
2014,Romain Grosjean,19,8
2014,Charles Pic,0,0
2014,Esteban Ocon,0,0
2014,Jules Bianchi,15,2
2014,Max Chilton,16,0
2014,Jenson Button,19,126
2014,Kevin Magnussen,19,55
2014,Lewis Hamilton,19,384
2014,Nico Rosberg,19,317
2014,Nico Hulkenberg,19,96
2014,Sergio Perez,18,59
2014,Daniel Juncadella,0,0
2014,Adrian Sutil,19,0
2014,Esteban Gutierrez,19,0
2014,Adderly Fong,0,0
2014,Giedo van der Garde,0,0
2014,Sergey Sirotkin,0,0
2014,Fernando Alonso,19,161
2014,Kimi Raikkonen,19,55
2014,Daniil Kvyat,19,8
2014,Jean-Eric Vergne,19,22
2014,Max Verstappen,0,0
2014,Felipe Massa,19,134
2014,Valtteri Bottas,19,186
2014,Felipe Nasr,0,0
2014,Susie Wolff,0,0
2015,Daniel Ricciardo,19,92
2015,Daniil Kvyat,18,95
2015,Pastor Maldonado,19,27
2015,Romain Grosjean,19,51
2015,Jolyon Palmer,0,0
2015,Roberto Merhi,13,0
2015,Will Stevens,17,0
2015,Alexander Rossi,5,0
2015,Fabio Leimer,0,0
2015,Jenson Button,18,16
2015,Kevin Magnussen,0,0
2015,Fernando Alonso,18,11
2015,Lewis Hamilton,19,381
2015,Nico Rosberg,19,322
2015,Nico Hulkenberg,18,58
2015,Sergio Perez,19,78
2015,Felipe Nasr,18,27
2015,Marcus Ericsson,19,9
2015,Raffaele Marciello,0,0
2015,Kimi Raikkonen,19,150
2015,Sebastian Vettel,19,278
2015,Carlos Sainz Jr.,19,18
2015,Max Verstappen,19,49
2015,Felipe Massa,19,121
2015,Valtteri Bottas,18,136
2015,Susie Wolff,0,0
2016,Esteban Gutierrez,21,0
2016,Romain Grosjean,19,29
2016,Charles Leclerc,0,0
2016,Pascal Wehrlein,21,1
2016,Rio Haryanto,12,0
2016,Esteban Ocon,9,0
2016,Jordan King,0,0
2016,Fernando Alonso,20,54
2016,Jenson Button,21,21
2016,Stoffel Vandoorne,1,1
2016,Lewis Hamilton,21,380
2016,Nico Rosberg,21,385
2016,Daniel Ricciardo,21,256
2016,Daniil Kvyat,20,25
2016,Max Verstappen,21,204
2016,Jolyon Palmer,20,1
2016,Kevin Magnussen,21,7
2016,Sergey Sirotkin,0,0
2016,Nico Hulkenberg,21,72
2016,Sergio Perez,21,101
2016,Alfonso Celis Jr.,0,0
2016,Felipe Nasr,21,2
2016,Marcus Ericsson,21,0
2016,Kimi Raikkonen,21,186
2016,Sebastian Vettel,20,212
2016,Carlos Sainz Jr.,21,46
2016,Felipe Massa,21,53
2016,Valtteri Bottas,21,85
2017,Kevin Magnussen,20,19
2017,Romain Grosjean,20,28
2017,Antonio Giovinazzi,2,0
2017,Fernando Alonso,18,17
2017,Stoffel Vandoorne,19,13
2017,Jenson Button,1,0
2017,Lewis Hamilton,20,363
2017,Valtteri Bottas,20,305
2017,Daniel Ricciardo,20,200
2017,Max Verstappen,20,168
2017,Jolyon Palmer,15,8
2017,Nico Hulkenberg,20,43
2017,Carlos Sainz Jr.,20,54
2017,Sergey Sirotkin,0,0
2017,Esteban Ocon,20,87
2017,Sergio Perez,20,100
2017,Alfonso Celis Jr.,0,0
2017,George Russell,0,0
2017,Marcus Ericsson,20,0
2017,Pascal Wehrlein,18,5
2017,Charles Leclerc,0,0
2017,Kimi Raikkonen,19,205
2017,Sebastian Vettel,20,317
2017,Daniil Kvyat,15,5
2017,Pierre Gasly,5,0
2017,Brendon Hartley,4,0
2017,Sean Gelael,0,0
2017,Felipe Massa,19,43
2017,Lance Stroll,20,40
2017,Paul di Resta,1,0
2018,Charles Leclerc,21,39
2018,Marcus Ericsson,21,9
2018,Antonio Giovinazzi,0,0
2018,Daniel Ricciardo,21,170
2018,Max Verstappen,21,249
2018,Kevin Magnussen,21,56
2018,Romain Grosjean,21,37
2018,Fernando Alonso,21,50
2018,Stoffel Vandoorne,21,12
2018,Lando Norris,0,0
2018,Lewis Hamilton,21,408
2018,Valtteri Bottas,21,247
2018,Esteban Ocon,21,49
2018,Sergio Perez,21,62
2018,Nicholas Latifi,0,0
2018,Brendon Hartley,21,4
2018,Pierre Gasly,21,29
2018,Sean Gelael,0,0
2018,Carlos Sainz Jr.,21,53
2018,Nico Hulkenberg,21,69
2018,Artem Markelov,0,0
2018,Kimi Raikkonen,21,251
2018,Sebastian Vettel,21,320
2018,Lance Stroll,21,6
2018,Sergey Sirotkin,21,1
2018,Robert Kubica,0,0
2019,Antonio Giovinazzi,21,14
2019,Kimi Raikkonen,21,43
2019,Max Verstappen,21,278
2019,Pierre Gasly,21,95
2019,Alexander Albon,21,92
2019,Kevin Magnussen,21,20
2019,Romain Grosjean,21,8
2019,Carlos Sainz Jr.,21,96
2019,Lando Norris,21,49
2019,Lewis Hamilton,21,413
2019,Valtteri Bottas,21,326
2019,Daniil Kvyat,21,37
2019,Naoki Yamamoto,0,0
2019,Daniel Ricciardo,21,54
2019,Nico Hulkenberg,21,37
2019,George Russell,21,0
2019,Robert Kubica,21,1
2019,Nicholas Latifi,0,0
2019,Charles Leclerc,21,264
2019,Sebastian Vettel,21,240
2019,Lance Stroll,21,21
2019,Sergio Perez,21,52
2020,Antonio Giovinazzi,17,4
2020,Kimi Raikkonen,17,4
2020,Robert Kubica,0,0
2020,Alexander Albon,17,105
2020,Max Verstappen,17,214
2020,Lance Stroll,16,75
2020,Sergio Perez,15,125
2020,Nico Hulkenberg,2,10
2020,Kevin Magnussen,17,1
2020,Romain Grosjean,15,2
2020,Pietro Fittipaldi,2,0
2020,Mick Schumacher,0,0
2020,Carlos Sainz Jr.,16,105
2020,Lando Norris,17,97
2020,Lewis Hamilton,16,347
2020,Valtteri Bottas,17,223
2020,George Russell,17,3
2020,Daniel Ricciardo,17,119
2020,Esteban Ocon,17,62
2020,Daniil Kvyat,17,32
2020,Pierre Gasly,17,75
2020,Charles Leclerc,17,98
2020,Sebastian Vettel,17,33
2020,Nicholas Latifi,17,0
2020,Jack Aitken,1,0
2020,Roy Nissany,0,0
2021,Antonio Giovinazzi,22,3
2021,Kimi Raikkonen,20,10
2021,Callum Ilott,0,0
2021,Robert Kubica,2,0
2021,Esteban Ocon,22,74
2021,Fernando Alonso,22,81
2021,Guanyu Zhou,0,0
2021,Lance Stroll,22,34
2021,Sebastian Vettel,22,43
2021,Daniel Ricciardo,22,115
2021,Lando Norris,22,160
2021,Lewis Hamilton,22,387.5
2021,Valtteri Bottas,22,226
2021,Max Verstappen,22,395.5
2021,Sergio Perez,22,190
2021,Pierre Gasly,22,110
2021,Yuki Tsunoda,21,32
2021,Carlos Sainz Jr.,22,164.5
2021,Charles Leclerc,21,159
2021,Mick Schumacher,22,0
2021,Nikita Mazepin,21,0
2021,George Russell,22,16
2021,Nicholas Latifi,22,7
2021,Jack Aitken,0,0
2021,Roy Nissany,0,0
2022,Guanyu Zhou,22,6
2022,Valtteri Bottas,22,49
2022,Robert Kubica,0,0
2022,Theo Pourchaire,0,0
2022,Lance Stroll,22,18
2022,Nico Hulkenberg,2,0
2022,Sebastian Vettel,20,37
2022,Nyck de Vries,1,2
2022,Felipe Drugovich,0,0
2022,Esteban Ocon,22,92
2022,Fernando Alonso,22,81
2022,Jack Doohan,0,0
2022,Kevin Magnussen,22,25
2022,Mick Schumacher,21,12
2022,Antonio Giovinazzi,0,0
2022,Pietro Fittipaldi,0,0
2022,Daniel Ricciardo,22,37
2022,Lando Norris,22,122
2022,Alex Palou,0,0
2022,Patricio O'Ward,0,0
2022,George Russell,22,275
2022,Lewis Hamilton,22,240
2022,Max Verstappen,22,454
2022,Sergio Perez,22,305
2022,Juri Vips,0,0
2022,Liam Lawson,0,0
2022,Pierre Gasly,22,23
2022,Yuki Tsunoda,21,12
2022,Carlos Sainz Jr.,22,246
2022,Charles Leclerc,22,308
2022,Robert Shwartzman,0,0
2022,Alexander Albon,21,4
2022,Nicholas Latifi,22,2
2022,Logan Sargeant,0,0
2023,Guanyu Zhou,22,6
2023,Valtteri Bottas,22,10
2023,Theo Pourchaire,0,0
2023,Fernando Alonso,22,206
2023,Lance Stroll,21,74
2023,Felipe Drugovich,0,0
2023,Esteban Ocon,22,58
2023,Pierre Gasly,22,62
2023,Jack Doohan,0,0
2023,Lando Norris,22,205
2023,Oscar Piastri,22,97
2023,Patricio O'Ward,0,0
2023,George Russell,22,175
2023,Lewis Hamilton,22,234
2023,Frederik Vesti,0,0
2023,Kevin Magnussen,22,3
2023,Nico Hulkenberg,22,9
2023,Oliver Bearman,0,0
2023,Max Verstappen,22,575
2023,Sergio Perez,22,285
2023,Isack Hadjar,0,0
2023,Jake Dennis,0,0
2023,Nyck de Vries,10,0
2023,Yuki Tsunoda,21,17
2023,Daniel Ricciardo,7,6
2023,Liam Lawson,5,2
2023,Carlos Sainz Jr.,21,200
2023,Charles Leclerc,21,206
2023,Robert Shwartzman,0,0
2023,Alexander Albon,22,27
2023,Logan Sargeant,22,1
2023,Zak O'Sullivan,0,0
2024,Fernando Alonso,24,70
2024,Lance Stroll,23,24
2024,Felipe Drugovich,0,0
2024,Esteban Ocon,23,23
2024,Pierre Gasly,23,42
2024,Jack Doohan,1,0
2024,Lando Norris,24,374
2024,Oscar Piastri,24,292
2024,Patricio O'Ward,0,0
2024,Ryo Hirakawa,0,0
2024,George Russell,24,245
2024,Lewis Hamilton,24,223
2024,Kimi Antonelli,0,0
2024,Kevin Magnussen,22,16
2024,Nico Hulkenberg,24,41
2024,Oliver Bearman,3,7
2024,Max Verstappen,24,437
2024,Sergio Perez,24,152
2024,Isack Hadjar,0,0
2024,Carlos Sainz Jr.,23,290
2024,Charles Leclerc,24,356
2024,Arthur Leclerc,0,0
2024,Guanyu Zhou,24,4
2024,Valtteri Bottas,24,0
2024,Robert Shwartzman,0,0
2024,Daniel Ricciardo,18,12
2024,Yuki Tsunoda,24,30
2024,Liam Lawson,6,4
2024,Ayumu Iwasa,0,0
2024,Alexander Albon,23,12
2024,Logan Sargeant,14,0
2024,Franco Colapinto,9,5
2024,Luke Browning,0,0
2025,Fernando Alonso,24,56
2025,Lance Stroll,23,33
2025,Felipe Drugovich,0,0
2025,Jak Crawford,0,0
2025,Cian Shields,0,0
2025,Alexander Albon,24,73
2025,Carlos Sainz Jr.,23,64
2025,Luke Browning,0,0
2025,Victor Martins,0,0
2025,Pierre Gasly,24,22
2025,Jack Doohan,6,0
2025,Franco Colapinto,17,0
2025,Ryo Hirakawa,0,0
2025,Paul Aron,0,0
2025,Lando Norris,24,423
2025,Oscar Piastri,24,410
2025,Alexander Dunne,0,0
2025,Patricio O'Ward,0,0
2025,Kimi Antonelli,24,150
2025,George Russell,24,319
2025,Frederik Vesti,0,0
2025,Esteban Ocon,24,38
2025,Oliver Bearman,24,41
2025,Liam Lawson,24,38
2025,Max Verstappen,24,421
2025,Yuki Tsunoda,24,33
2025,Ayumu Iwasa,0,0
2025,Arvid Lindblad,0,0
2025,Charles Leclerc,24,242
2025,Lewis Hamilton,24,156
2025,Dino Beganovic,0,0
2025,Antonio Fuoco,0,0
2025,Arthur Leclerc,0,0
2025,Gabriel Bortoleto,24,19
2025,Nico Hulkenberg,23,51
2025,Isack Hadjar,24,51
